,primary_ability,primary_ability_description
0,overgrow,powers_up_grass-type_moves_when_the_pokémon's_hp_is_low.
1,overgrow,powers_up_grass-type_moves_when_the_pokémon's_hp_is_low.
2,overgrow,powers_up_grass-type_moves_when_the_pokémon's_hp_is_low.
3,thick_fat,the_pokémon_is_protected_by_a_layer_of_thick_fat_which_halves_the_damage_taken_from_fire-_and_ice-type_moves._
4,blaze,powers_up_fire-type_moves_when_the_pokémon's_hp_is_low._
5,blaze,powers_up_fire-type_moves_when_the_pokémon's_hp_is_low._
6,blaze,powers_up_fire-type_moves_when_the_pokémon's_hp_is_low._
7,tough_claws,powers_up_moves_that_make_direct_contact._
8,drought,turns_the_sunlight_harsh_when_the_pokémon_enters_a_battle.
9,torrent,powers_up_water-type_moves_when_the_pokémon's_hp_is_low._
10,torrent,powers_up_water-type_moves_when_the_pokémon's_hp_is_low._
11,torrent,powers_up_water-type_moves_when_the_pokémon's_hp_is_low._
12,mega_launcher,powers_up_aura_and_pulse_moves._
13,rattled,dark-_ghost-_and_bug-type_moves_scare_the_pokémon_and_boost_its_speed_stat.
14,punk_rock,boosts_the_power_of_sound-based_moves._the_pokémon_also_takes_half_the_damage_from_these_kinds_of_moves.
15,punk_rock,boosts_the_power_of_sound-based_moves._the_pokémon_also_takes_half_the_damage_from_these_kinds_of_moves.
16,poison_point,contact_with_the_pokémon_may_poison_the_attacker.
17,poison_point,contact_with_the_pokémon_may_poison_the_attacker.
18,blaze,powers_up_fire-type_moves_when_the_pokémon's_hp_is_low._
19,rivalry,becomes_competitive_and_deals_more_damage_to_pokémon_of_the_same_gender_but_deals_less_to_pokémon_of_the_opposite_gender.
20,rivalry,becomes_competitive_and_deals_more_damage_to_pokémon_of_the_same_gender_but_deals_less_to_pokémon_of_the_opposite_gender.
21,rivalry,becomes_competitive_and_deals_more_damage_to_pokémon_of_the_same_gender_but_deals_less_to_pokémon_of_the_opposite_gender.
22,shed_skin,the_pokémon_may_heal_its_own_status_conditions_by_shedding_its_skin.
23,compound_eyes,the_pokémon's_compound_eyes_boost_its_accuracy.
24,no_guard,the_pokémon_employs_no-guard_tactics_to_ensure_incoming_and_outgoing_attacks_always_land.
25,no_guard,the_pokémon_employs_no-guard_tactics_to_ensure_incoming_and_outgoing_attacks_always_land.
26,swarm,powers_up_bug-type_moves_when_the_pokémon's_hp_is_low.
27,adaptability,powers_up_moves_of_the_same_type_as_the_pokémon.
28,limber,its_limber_body_protects_the_pokémon_from_paralysis.
29,shed_skin,the_pokémon_may_heal_its_own_status_conditions_by_shedding_its_skin.
30,shield_dust,this_pokémon's_dust_blocks_the_additional_effects_of_attacks_taken.
31,shield_dust,this_pokémon's_dust_blocks_the_additional_effects_of_attacks_taken.
32,poison_point,contact_with_the_pokémon_may_poison_the_attacker.
33,blaze,powers_up_fire-type_moves_when_the_pokémon's_hp_is_low._
34,blaze,powers_up_fire-type_moves_when_the_pokémon's_hp_is_low._
35,hydration,heals_status_conditions_if_it's_raining.
36,hydration,heals_status_conditions_if_it's_raining.
37,inner_focus,the_pokémon's_intensely_focused_and_that_protects_the_pokémon_from_flinching.
38,unseen_fist,the_pokémon_can_deal_damage_with_moves_that_make_physical_contact_even_if_the_target_is_protected.
39,unseen_fist,the_pokémon_can_deal_damage_with_moves_that_make_physical_contact_even_if_the_target_is_protected.
40,unnerve,unnerves_opposing_pokémon_and_makes_them_unable_to_eat_berries.
41,synchronize,the_attacker_will_receive_the_same_status_condition_if_it_inflicts_a_burn_poison_or_paralysis_to_the_pokémon.
42,pressure,by_putting_pressure_on_the_opposing_pokémon_it_raises_their_pp_usage.
43,steadfast,the_pokémon's_determination_boosts_the_speed_stat_each_time_the_pokémon_flinches.
44,insomnia,the_pokémon_is_suffering_from_insomnia_and_cannot_fall_asleep.
45,magnet_pull,prevents_steel-type_pokémon_from_escaping_using_its_magnetic_force.
46,soundproof,soundproofing_gives_the_pokémon_full_immunity_to_all_sound-based_moves.
47,poison_point,contact_with_the_pokémon_may_poison_the_attacker.
48,poison_point,contact_with_the_pokémon_may_poison_the_attacker.
49,poison_point,contact_with_the_pokémon_may_poison_the_attacker.
50,cute_charm,contact_with_the_pokémon_may_cause_infatuation.
51,cute_charm,contact_with_the_pokémon_may_cause_infatuation.
52,cute_charm,contact_with_the_pokémon_may_cause_infatuation.
53,flash_fire,powers_up_the_pokémon's_fire-type_moves_if_it's_hit_by_one.
54,snow_cloak,boosts_evasiveness_in_a_hailstorm.
55,flash_fire,powers_up_the_pokémon's_fire-type_moves_if_it's_hit_by_one.
56,snow_cloak,boosts_evasiveness_in_a_hailstorm.
57,cute_charm,contact_with_the_pokémon_may_cause_infatuation.
58,cute_charm,contact_with_the_pokémon_may_cause_infatuation.
59,cute_charm,contact_with_the_pokémon_may_cause_infatuation.
60,inner_focus,the_pokémon's_intensely_focused_and_that_protects_the_pokémon_from_flinching.
61,inner_focus,the_pokémon's_intensely_focused_and_that_protects_the_pokémon_from_flinching.
62,inner_focus,the_pokémon's_intensely_focused_and_that_protects_the_pokémon_from_flinching.
63,chlorophyll,boosts_the_pokémon's_speed_stat_in_harsh_sunlight._
64,chlorophyll,boosts_the_pokémon's_speed_stat_in_harsh_sunlight._
65,chlorophyll,boosts_the_pokémon's_speed_stat_in_harsh_sunlight._
66,chlorophyll,boosts_the_pokémon's_speed_stat_in_harsh_sunlight._
67,effect_spore,contact_with_the_pokémon_may_inflict_poison_sleep_or_paralysis_on_its_attacker.
68,effect_spore,contact_with_the_pokémon_may_inflict_poison_sleep_or_paralysis_on_its_attacker.
69,compound_eyes,the_pokémon's_compound_eyes_boost_its_accuracy.
70,shield_dust,this_pokémon's_dust_blocks_the_additional_effects_of_attacks_taken.
71,sand_veil,boosts_the_pokémon's_evasiveness_in_a_sandstorm.
72,sand_veil,boosts_the_pokémon's_evasiveness_in_a_sandstorm.
73,sand_veil,boosts_the_pokémon's_evasiveness_in_a_sandstorm.
74,sand_veil,boosts_the_pokémon's_evasiveness_in_a_sandstorm.
75,keen_eye,keen_eyes_prevent_other_pokémon_from_lowering_this_pokémon's_accuracy.
76,keen_eye,keen_eyes_prevent_other_pokémon_from_lowering_this_pokémon's_accuracy.
77,keen_eye,keen_eyes_prevent_other_pokémon_from_lowering_this_pokémon's_accuracy.
78,no_guard,the_pokémon_employs_no-guard_tactics_to_ensure_incoming_and_outgoing_attacks_always_land.
79,run_away,enables_a_sure_getaway_from_wild_pokémon.
80,gluttony,makes_the_pokémon_eat_a_held_berry_when_its_hp_drops_to_half_or_less_which_is_sooner_than_usual.
81,run_away,enables_a_sure_getaway_from_wild_pokémon.
82,gluttony,makes_the_pokémon_eat_a_held_berry_when_its_hp_drops_to_half_or_less_which_is_sooner_than_usual.
83,keen_eye,keen_eyes_prevent_other_pokémon_from_lowering_this_pokémon's_accuracy.
84,keen_eye,keen_eyes_prevent_other_pokémon_from_lowering_this_pokémon's_accuracy.
85,intimidate,the_pokémon_intimidates_opposing_pokémon_upon_entering_battle_lowering_their_attack_stat.
86,intimidate,the_pokémon_intimidates_opposing_pokémon_upon_entering_battle_lowering_their_attack_stat.
87,static,the_pokémon_is_charged_with_static_electricity_so_contact_with_it_may_cause_paralysis.
88,static,the_pokémon_is_charged_with_static_electricity_so_contact_with_it_may_cause_paralysis.
89,static,the_pokémon_is_charged_with_static_electricity_so_contact_with_it_may_cause_paralysis.
90,surge_surfer,doubles_the_pokémon's_speed_stat_on_electric_terrain.
91,sand_veil,boosts_the_pokémon's_evasiveness_in_a_sandstorm.
92,snow_cloak,boosts_evasiveness_in_a_hailstorm.
93,sand_veil,boosts_the_pokémon's_evasiveness_in_a_sandstorm.
94,snow_cloak,boosts_evasiveness_in_a_hailstorm.
95,pickup,the_pokémon_may_pick_up_the_item_an_opposing_pokémon_used_during_a_battle._it_may_pick_up_items_outside_of_battle_too.
96,pickup,the_pokémon_may_pick_up_the_item_an_opposing_pokémon_used_during_a_battle._it_may_pick_up_items_outside_of_battle_too.
97,pickup,the_pokémon_may_pick_up_the_item_an_opposing_pokémon_used_during_a_battle._it_may_pick_up_items_outside_of_battle_too.
98,battle_armor,hard_armor_protects_the_pokémon_from_critical_hits.
99,limber,its_limber_body_protects_the_pokémon_from_paralysis.
100,fur_coat,halves_the_damage_from_physical_moves.
101,damp,prevents_the_use_of_explosive_moves_such_as_self-destruct_by_dampening_its_surroundings.
102,soundproof,soundproofing_gives_the_pokémon_full_immunity_to_all_sound-based_moves.
103,chlorophyll,boosts_the_pokémon's_speed_stat_in_harsh_sunlight._
104,chlorophyll,boosts_the_pokémon's_speed_stat_in_harsh_sunlight._
105,rock_head,protects_the_pokémon_from_recoil_damage.
106,rock_head,protects_the_pokémon_from_recoil_damage.
107,limber,its_limber_body_protects_the_pokémon_from_paralysis.
108,keen_eye,keen_eyes_prevent_other_pokémon_from_lowering_this_pokémon's_accuracy.
109,own_tempo,this_pokémon_has_its_own_tempo_and_that_prevents_it_from_becoming_confused.
110,levitate,by_floating_in_the_air_the_pokémon_receives_full_immunity_to_all_ground-type_moves.
111,levitate,by_floating_in_the_air_the_pokémon_receives_full_immunity_to_all_ground-type_moves.
112,lightning_rod,the_pokémon_draws_in_all_electric-type_moves._instead_of_being_hit_by_electric-type_moves_it_boosts_its_sp._atk.
113,lightning_rod,the_pokémon_draws_in_all_electric-type_moves._instead_of_being_hit_by_electric-type_moves_it_boosts_its_sp._atk.
114,natural_cure,all_status_conditions_heal_when_the_pokémon_switches_out.
115,chlorophyll,boosts_the_pokémon's_speed_stat_in_harsh_sunlight._
116,early_bird,the_pokémon_awakens_from_sleep_twice_as_fast_as_other_pokémon.
117,swift_swim,boosts_the_pokémon's_speed_stat_in_rain.
118,poison_point,contact_with_the_pokémon_may_poison_the_attacker.
119,swift_swim,boosts_the_pokémon's_speed_stat_in_rain.
120,swift_swim,boosts_the_pokémon's_speed_stat_in_rain.
121,illuminate,raises_the_likelihood_of_meeting_wild_pokémon_by_illuminating_the_surroundings.
122,illuminate,raises_the_likelihood_of_meeting_wild_pokémon_by_illuminating_the_surroundings.
123,soundproof,soundproofing_gives_the_pokémon_full_immunity_to_all_sound-based_moves.
124,swarm,powers_up_bug-type_moves_when_the_pokémon's_hp_is_low.
125,oblivious,the_pokémon_is_oblivious_and_that_keeps_it_from_being_infatuated_or_falling_for_taunts.
126,static,the_pokémon_is_charged_with_static_electricity_so_contact_with_it_may_cause_paralysis.
127,flame_body,contact_with_the_pokémon_may_burn_the_attacker.
128,hyper_cutter,the_pokémon's_proud_of_its_powerful_pincers._they_prevent_other_pokémon_from_lowering_its_attack_stat.
129,intimidate,the_pokémon_intimidates_opposing_pokémon_upon_entering_battle_lowering_their_attack_stat.
130,swift_swim,boosts_the_pokémon's_speed_stat_in_rain.
131,intimidate,the_pokémon_intimidates_opposing_pokémon_upon_entering_battle_lowering_their_attack_stat.
132,water_absorb,restores_hp_if_hit_by_a_water-type_move_instead_of_taking_damage.
133,run_away,enables_a_sure_getaway_from_wild_pokémon.
134,water_absorb,restores_hp_if_hit_by_a_water-type_move_instead_of_taking_damage.
135,volt_absorb,restores_hp_if_hit_by_an_electric-type_move_instead_of_taking_damage.
136,flash_fire,powers_up_the_pokémon's_fire-type_moves_if_it's_hit_by_one.
137,trace,when_it_enters_a_battle_the_pokémon_copies_an_opposing_pokémon's_ability.
138,swift_swim,boosts_the_pokémon's_speed_stat_in_rain.
139,swift_swim,boosts_the_pokémon's_speed_stat_in_rain.
140,swift_swim,boosts_the_pokémon's_speed_stat_in_rain.
141,swift_swim,boosts_the_pokémon's_speed_stat_in_rain.
142,rock_head,protects_the_pokémon_from_recoil_damage.
143,immunity,the_immune_system_of_the_pokémon_prevents_it_from_getting_poisoned.
144,pressure,by_putting_pressure_on_the_opposing_pokémon_it_raises_their_pp_usage.
145,pressure,by_putting_pressure_on_the_opposing_pokémon_it_raises_their_pp_usage.
146,pressure,by_putting_pressure_on_the_opposing_pokémon_it_raises_their_pp_usage.
147,shed_skin,the_pokémon_may_heal_its_own_status_conditions_by_shedding_its_skin.
148,shed_skin,the_pokémon_may_heal_its_own_status_conditions_by_shedding_its_skin.
149,inner_focus,the_pokémon's_intensely_focused_and_that_protects_the_pokémon_from_flinching.
150,overgrow,powers_up_grass-type_moves_when_the_pokémon's_hp_is_low.
151,overgrow,powers_up_grass-type_moves_when_the_pokémon's_hp_is_low.
152,overgrow,powers_up_grass-type_moves_when_the_pokémon's_hp_is_low.
153,blaze,powers_up_fire-type_moves_when_the_pokémon's_hp_is_low._
154,blaze,powers_up_fire-type_moves_when_the_pokémon's_hp_is_low._
155,blaze,powers_up_fire-type_moves_when_the_pokémon's_hp_is_low._
156,torrent,powers_up_water-type_moves_when_the_pokémon's_hp_is_low._
157,torrent,powers_up_water-type_moves_when_the_pokémon's_hp_is_low._
158,torrent,powers_up_water-type_moves_when_the_pokémon's_hp_is_low._
159,run_away,enables_a_sure_getaway_from_wild_pokémon.
160,run_away,enables_a_sure_getaway_from_wild_pokémon.
161,insomnia,the_pokémon_is_suffering_from_insomnia_and_cannot_fall_asleep.
162,insomnia,the_pokémon_is_suffering_from_insomnia_and_cannot_fall_asleep.
163,swarm,powers_up_bug-type_moves_when_the_pokémon's_hp_is_low.
164,swarm,powers_up_bug-type_moves_when_the_pokémon's_hp_is_low.
165,swarm,powers_up_bug-type_moves_when_the_pokémon's_hp_is_low.
166,swarm,powers_up_bug-type_moves_when_the_pokémon's_hp_is_low.
167,volt_absorb,restores_hp_if_hit_by_an_electric-type_move_instead_of_taking_damage.
168,volt_absorb,restores_hp_if_hit_by_an_electric-type_move_instead_of_taking_damage.
169,hustle,boosts_the_attack_stat_but_lowers_accuracy.
170,hustle,boosts_the_attack_stat_but_lowers_accuracy.
171,synchronize,the_attacker_will_receive_the_same_status_condition_if_it_inflicts_a_burn_poison_or_paralysis_to_the_pokémon.
172,synchronize,the_attacker_will_receive_the_same_status_condition_if_it_inflicts_a_burn_poison_or_paralysis_to_the_pokémon.
173,static,the_pokémon_is_charged_with_static_electricity_so_contact_with_it_may_cause_paralysis.
174,static,the_pokémon_is_charged_with_static_electricity_so_contact_with_it_may_cause_paralysis.
175,static,the_pokémon_is_charged_with_static_electricity_so_contact_with_it_may_cause_paralysis.
176,thick_fat,the_pokémon_is_protected_by_a_layer_of_thick_fat_which_halves_the_damage_taken_from_fire-_and_ice-type_moves._
177,thick_fat,the_pokémon_is_protected_by_a_layer_of_thick_fat_which_halves_the_damage_taken_from_fire-_and_ice-type_moves._
178,sturdy,it_cannot_be_knocked_out_with_one_hit._one-hit_ko_moves_cannot_knock_it_out_either.
179,water_absorb,restores_hp_if_hit_by_a_water-type_move_instead_of_taking_damage.
180,chlorophyll,boosts_the_pokémon's_speed_stat_in_harsh_sunlight._
181,chlorophyll,boosts_the_pokémon's_speed_stat_in_harsh_sunlight._
182,chlorophyll,boosts_the_pokémon's_speed_stat_in_harsh_sunlight._
183,run_away,enables_a_sure_getaway_from_wild_pokémon.
184,chlorophyll,boosts_the_pokémon's_speed_stat_in_harsh_sunlight._
185,chlorophyll,boosts_the_pokémon's_speed_stat_in_harsh_sunlight._
186,speed_boost,its_speed_stat_is_boosted_every_turn.
187,damp,prevents_the_use_of_explosive_moves_such_as_self-destruct_by_dampening_its_surroundings.
188,damp,prevents_the_use_of_explosive_moves_such_as_self-destruct_by_dampening_its_surroundings.
189,synchronize,the_attacker_will_receive_the_same_status_condition_if_it_inflicts_a_burn_poison_or_paralysis_to_the_pokémon.
190,synchronize,the_attacker_will_receive_the_same_status_condition_if_it_inflicts_a_burn_poison_or_paralysis_to_the_pokémon.
191,insomnia,the_pokémon_is_suffering_from_insomnia_and_cannot_fall_asleep.
192,oblivious,the_pokémon_is_oblivious_and_that_keeps_it_from_being_infatuated_or_falling_for_taunts.
193,levitate,by_floating_in_the_air_the_pokémon_receives_full_immunity_to_all_ground-type_moves.
194,levitate,by_floating_in_the_air_the_pokémon_receives_full_immunity_to_all_ground-type_moves.
195,shadow_tag,this_pokémon_steps_on_the_opposing_pokémon's_shadow_to_prevent_it_from_escaping.
196,inner_focus,the_pokémon's_intensely_focused_and_that_protects_the_pokémon_from_flinching.
197,sturdy,it_cannot_be_knocked_out_with_one_hit._one-hit_ko_moves_cannot_knock_it_out_either.
198,sturdy,it_cannot_be_knocked_out_with_one_hit._one-hit_ko_moves_cannot_knock_it_out_either.
199,serene_grace,boosts_the_likelihood_of_additional_effects_occurring_when_attacking.
200,hyper_cutter,the_pokémon's_proud_of_its_powerful_pincers._they_prevent_other_pokémon_from_lowering_its_attack_stat.
201,rock_head,protects_the_pokémon_from_recoil_damage.
202,intimidate,the_pokémon_intimidates_opposing_pokémon_upon_entering_battle_lowering_their_attack_stat.
203,intimidate,the_pokémon_intimidates_opposing_pokémon_upon_entering_battle_lowering_their_attack_stat.
204,poison_point,contact_with_the_pokémon_may_poison_the_attacker.
205,swarm,powers_up_bug-type_moves_when_the_pokémon's_hp_is_low.
206,sturdy,it_cannot_be_knocked_out_with_one_hit._one-hit_ko_moves_cannot_knock_it_out_either.
207,swarm,powers_up_bug-type_moves_when_the_pokémon's_hp_is_low.
208,inner_focus,the_pokémon's_intensely_focused_and_that_protects_the_pokémon_from_flinching.
209,pickup,the_pokémon_may_pick_up_the_item_an_opposing_pokémon_used_during_a_battle._it_may_pick_up_items_outside_of_battle_too.
210,guts,it's_so_gutsy_that_having_a_status_condition_boosts_the_pokémon's_attack_stat.
211,magma_armor,the_pokémon_is_covered_with_hot_magma_which_prevents_the_pokémon_from_becoming_frozen.
212,magma_armor,the_pokémon_is_covered_with_hot_magma_which_prevents_the_pokémon_from_becoming_frozen.
213,oblivious,the_pokémon_is_oblivious_and_that_keeps_it_from_being_infatuated_or_falling_for_taunts.
214,oblivious,the_pokémon_is_oblivious_and_that_keeps_it_from_being_infatuated_or_falling_for_taunts.
215,hustle,boosts_the_attack_stat_but_lowers_accuracy.
216,hustle,boosts_the_attack_stat_but_lowers_accuracy.
217,suction_cups,this_pokémon_uses_suction_cups_to_stay_in_one_spot_to_negate_all_moves_and_items_that_force_switching_out.
218,vital_spirit,the_pokémon_is_full_of_vitality_and_that_prevents_it_from_falling_asleep.
219,swift_swim,boosts_the_pokémon's_speed_stat_in_rain.
220,keen_eye,keen_eyes_prevent_other_pokémon_from_lowering_this_pokémon's_accuracy.
221,early_bird,the_pokémon_awakens_from_sleep_twice_as_fast_as_other_pokémon.
222,early_bird,the_pokémon_awakens_from_sleep_twice_as_fast_as_other_pokémon.
223,swift_swim,boosts_the_pokémon's_speed_stat_in_rain.
224,pickup,the_pokémon_may_pick_up_the_item_an_opposing_pokémon_used_during_a_battle._it_may_pick_up_items_outside_of_battle_too.
225,sturdy,it_cannot_be_knocked_out_with_one_hit._one-hit_ko_moves_cannot_knock_it_out_either.
226,trace,when_it_enters_a_battle_the_pokémon_copies_an_opposing_pokémon's_ability.
227,intimidate,the_pokémon_intimidates_opposing_pokémon_upon_entering_battle_lowering_their_attack_stat.
228,own_tempo,this_pokémon_has_its_own_tempo_and_that_prevents_it_from_becoming_confused.
229,guts,it's_so_gutsy_that_having_a_status_condition_boosts_the_pokémon's_attack_stat.
230,intimidate,the_pokémon_intimidates_opposing_pokémon_upon_entering_battle_lowering_their_attack_stat.
231,oblivious,the_pokémon_is_oblivious_and_that_keeps_it_from_being_infatuated_or_falling_for_taunts.
232,static,the_pokémon_is_charged_with_static_electricity_so_contact_with_it_may_cause_paralysis.
233,flame_body,contact_with_the_pokémon_may_burn_the_attacker.
234,thick_fat,the_pokémon_is_protected_by_a_layer_of_thick_fat_which_halves_the_damage_taken_from_fire-_and_ice-type_moves._
235,natural_cure,all_status_conditions_heal_when_the_pokémon_switches_out.
236,pressure,by_putting_pressure_on_the_opposing_pokémon_it_raises_their_pp_usage.
237,pressure,by_putting_pressure_on_the_opposing_pokémon_it_raises_their_pp_usage.
238,pressure,by_putting_pressure_on_the_opposing_pokémon_it_raises_their_pp_usage.
239,guts,it's_so_gutsy_that_having_a_status_condition_boosts_the_pokémon's_attack_stat.
240,shed_skin,the_pokémon_may_heal_its_own_status_conditions_by_shedding_its_skin.
241,sand_stream,the_pokémon_summons_a_sandstorm_when_it_enters_a_battle.
242,pressure,by_putting_pressure_on_the_opposing_pokémon_it_raises_their_pp_usage.
243,pressure,by_putting_pressure_on_the_opposing_pokémon_it_raises_their_pp_usage.
244,natural_cure,all_status_conditions_heal_when_the_pokémon_switches_out.
245,overgrow,powers_up_grass-type_moves_when_the_pokémon's_hp_is_low.
246,overgrow,powers_up_grass-type_moves_when_the_pokémon's_hp_is_low.
247,overgrow,powers_up_grass-type_moves_when_the_pokémon's_hp_is_low.
248,blaze,powers_up_fire-type_moves_when_the_pokémon's_hp_is_low._
249,blaze,powers_up_fire-type_moves_when_the_pokémon's_hp_is_low._
250,blaze,powers_up_fire-type_moves_when_the_pokémon's_hp_is_low._
251,torrent,powers_up_water-type_moves_when_the_pokémon's_hp_is_low._
252,torrent,powers_up_water-type_moves_when_the_pokémon's_hp_is_low._
253,torrent,powers_up_water-type_moves_when_the_pokémon's_hp_is_low._
254,run_away,enables_a_sure_getaway_from_wild_pokémon.
255,intimidate,the_pokémon_intimidates_opposing_pokémon_upon_entering_battle_lowering_their_attack_stat.
256,pickup,the_pokémon_may_pick_up_the_item_an_opposing_pokémon_used_during_a_battle._it_may_pick_up_items_outside_of_battle_too.
257,pickup,the_pokémon_may_pick_up_the_item_an_opposing_pokémon_used_during_a_battle._it_may_pick_up_items_outside_of_battle_too.
258,shield_dust,this_pokémon's_dust_blocks_the_additional_effects_of_attacks_taken.
259,shed_skin,the_pokémon_may_heal_its_own_status_conditions_by_shedding_its_skin.
260,swarm,powers_up_bug-type_moves_when_the_pokémon's_hp_is_low.
261,shed_skin,the_pokémon_may_heal_its_own_status_conditions_by_shedding_its_skin.
262,shield_dust,this_pokémon's_dust_blocks_the_additional_effects_of_attacks_taken.
263,swift_swim,boosts_the_pokémon's_speed_stat_in_rain.
264,swift_swim,boosts_the_pokémon's_speed_stat_in_rain.
265,swift_swim,boosts_the_pokémon's_speed_stat_in_rain.
266,chlorophyll,boosts_the_pokémon's_speed_stat_in_harsh_sunlight._
267,chlorophyll,boosts_the_pokémon's_speed_stat_in_harsh_sunlight._
268,chlorophyll,boosts_the_pokémon's_speed_stat_in_harsh_sunlight._
269,guts,it's_so_gutsy_that_having_a_status_condition_boosts_the_pokémon's_attack_stat.
270,guts,it's_so_gutsy_that_having_a_status_condition_boosts_the_pokémon's_attack_stat.
271,keen_eye,keen_eyes_prevent_other_pokémon_from_lowering_this_pokémon's_accuracy.
272,keen_eye,keen_eyes_prevent_other_pokémon_from_lowering_this_pokémon's_accuracy.
273,synchronize,the_attacker_will_receive_the_same_status_condition_if_it_inflicts_a_burn_poison_or_paralysis_to_the_pokémon.
274,synchronize,the_attacker_will_receive_the_same_status_condition_if_it_inflicts_a_burn_poison_or_paralysis_to_the_pokémon.
275,synchronize,the_attacker_will_receive_the_same_status_condition_if_it_inflicts_a_burn_poison_or_paralysis_to_the_pokémon.
276,swift_swim,boosts_the_pokémon's_speed_stat_in_rain.
277,intimidate,the_pokémon_intimidates_opposing_pokémon_upon_entering_battle_lowering_their_attack_stat.
278,effect_spore,contact_with_the_pokémon_may_inflict_poison_sleep_or_paralysis_on_its_attacker.
279,effect_spore,contact_with_the_pokémon_may_inflict_poison_sleep_or_paralysis_on_its_attacker.
280,truant,the_pokémon_can't_use_a_move_if_it_had_used_a_move_on_the_previous_turn.
281,vital_spirit,the_pokémon_is_full_of_vitality_and_that_prevents_it_from_falling_asleep.
282,truant,the_pokémon_can't_use_a_move_if_it_had_used_a_move_on_the_previous_turn.
283,compound_eyes,the_pokémon's_compound_eyes_boost_its_accuracy.
284,speed_boost,its_speed_stat_is_boosted_every_turn.
285,wonder_guard,its_mysterious_power_only_lets_supereffective_moves_hit_the_pokémon.
286,soundproof,soundproofing_gives_the_pokémon_full_immunity_to_all_sound-based_moves.
287,soundproof,soundproofing_gives_the_pokémon_full_immunity_to_all_sound-based_moves.
288,soundproof,soundproofing_gives_the_pokémon_full_immunity_to_all_sound-based_moves.
289,thick_fat,the_pokémon_is_protected_by_a_layer_of_thick_fat_which_halves_the_damage_taken_from_fire-_and_ice-type_moves._
290,thick_fat,the_pokémon_is_protected_by_a_layer_of_thick_fat_which_halves_the_damage_taken_from_fire-_and_ice-type_moves._
291,thick_fat,the_pokémon_is_protected_by_a_layer_of_thick_fat_which_halves_the_damage_taken_from_fire-_and_ice-type_moves._
292,sturdy,it_cannot_be_knocked_out_with_one_hit._one-hit_ko_moves_cannot_knock_it_out_either.
293,cute_charm,contact_with_the_pokémon_may_cause_infatuation.
294,cute_charm,contact_with_the_pokémon_may_cause_infatuation.
295,keen_eye,keen_eyes_prevent_other_pokémon_from_lowering_this_pokémon's_accuracy.
296,hyper_cutter,the_pokémon's_proud_of_its_powerful_pincers._they_prevent_other_pokémon_from_lowering_its_attack_stat.
297,sturdy,it_cannot_be_knocked_out_with_one_hit._one-hit_ko_moves_cannot_knock_it_out_either.
298,sturdy,it_cannot_be_knocked_out_with_one_hit._one-hit_ko_moves_cannot_knock_it_out_either.
299,sturdy,it_cannot_be_knocked_out_with_one_hit._one-hit_ko_moves_cannot_knock_it_out_either.
300,pure_power,using_its_pure_power_the_pokémon_doubles_its_attack_stat.
301,pure_power,using_its_pure_power_the_pokémon_doubles_its_attack_stat.
302,static,the_pokémon_is_charged_with_static_electricity_so_contact_with_it_may_cause_paralysis.
303,static,the_pokémon_is_charged_with_static_electricity_so_contact_with_it_may_cause_paralysis.
304,plus,boosts_the_sp._atk_stat_of_the_pokémon_if_an_ally_with_the_plus_or_minus_ability_is_also_in_battle.
305,minus,boosts_the_sp._atk_stat_of_the_pokémon_if_an_ally_with_the_plus_or_minus_ability_is_also_in_battle.
306,illuminate,raises_the_likelihood_of_meeting_wild_pokémon_by_illuminating_the_surroundings.
307,oblivious,the_pokémon_is_oblivious_and_that_keeps_it_from_being_infatuated_or_falling_for_taunts.
308,natural_cure,all_status_conditions_heal_when_the_pokémon_switches_out.
309,liquid_ooze,the_oozed_liquid_has_a_strong_stench_which_damages_attackers_using_any_draining_move.
310,liquid_ooze,the_oozed_liquid_has_a_strong_stench_which_damages_attackers_using_any_draining_move.
311,rough_skin,this_pokémon_inflicts_damage_with_its_rough_skin_to_the_attacker_on_contact.
312,rough_skin,this_pokémon_inflicts_damage_with_its_rough_skin_to_the_attacker_on_contact.
313,water_veil,the_pokémon_is_covered_with_a_water_veil_which_prevents_the_pokémon_from_getting_a_burn.
314,water_veil,the_pokémon_is_covered_with_a_water_veil_which_prevents_the_pokémon_from_getting_a_burn.
315,oblivious,the_pokémon_is_oblivious_and_that_keeps_it_from_being_infatuated_or_falling_for_taunts.
316,magma_armor,the_pokémon_is_covered_with_hot_magma_which_prevents_the_pokémon_from_becoming_frozen.
317,white_smoke,the_pokémon_is_protected_by_its_white_smoke_which_prevents_other_pokémon_from_lowering_its_stats.
318,thick_fat,the_pokémon_is_protected_by_a_layer_of_thick_fat_which_halves_the_damage_taken_from_fire-_and_ice-type_moves._
319,thick_fat,the_pokémon_is_protected_by_a_layer_of_thick_fat_which_halves_the_damage_taken_from_fire-_and_ice-type_moves._
320,own_tempo,this_pokémon_has_its_own_tempo_and_that_prevents_it_from_becoming_confused.
321,hyper_cutter,the_pokémon's_proud_of_its_powerful_pincers._they_prevent_other_pokémon_from_lowering_its_attack_stat.
322,levitate,by_floating_in_the_air_the_pokémon_receives_full_immunity_to_all_ground-type_moves.
323,levitate,by_floating_in_the_air_the_pokémon_receives_full_immunity_to_all_ground-type_moves.
324,sand_veil,boosts_the_pokémon's_evasiveness_in_a_sandstorm.
325,sand_veil,boosts_the_pokémon's_evasiveness_in_a_sandstorm.
326,natural_cure,all_status_conditions_heal_when_the_pokémon_switches_out.
327,natural_cure,all_status_conditions_heal_when_the_pokémon_switches_out.
328,immunity,the_immune_system_of_the_pokémon_prevents_it_from_getting_poisoned.
329,shed_skin,the_pokémon_may_heal_its_own_status_conditions_by_shedding_its_skin.
330,levitate,by_floating_in_the_air_the_pokémon_receives_full_immunity_to_all_ground-type_moves.
331,levitate,by_floating_in_the_air_the_pokémon_receives_full_immunity_to_all_ground-type_moves.
332,oblivious,the_pokémon_is_oblivious_and_that_keeps_it_from_being_infatuated_or_falling_for_taunts.
333,oblivious,the_pokémon_is_oblivious_and_that_keeps_it_from_being_infatuated_or_falling_for_taunts.
334,hyper_cutter,the_pokémon's_proud_of_its_powerful_pincers._they_prevent_other_pokémon_from_lowering_its_attack_stat.
335,hyper_cutter,the_pokémon's_proud_of_its_powerful_pincers._they_prevent_other_pokémon_from_lowering_its_attack_stat.
336,levitate,by_floating_in_the_air_the_pokémon_receives_full_immunity_to_all_ground-type_moves.
337,levitate,by_floating_in_the_air_the_pokémon_receives_full_immunity_to_all_ground-type_moves.
338,suction_cups,this_pokémon_uses_suction_cups_to_stay_in_one_spot_to_negate_all_moves_and_items_that_force_switching_out.
339,suction_cups,this_pokémon_uses_suction_cups_to_stay_in_one_spot_to_negate_all_moves_and_items_that_force_switching_out.
340,battle_armor,hard_armor_protects_the_pokémon_from_critical_hits.
341,battle_armor,hard_armor_protects_the_pokémon_from_critical_hits.
342,swift_swim,boosts_the_pokémon's_speed_stat_in_rain.
343,marvel_scale,the_pokémon's_marvelous_scales_boost_the_defense_stat_if_it_has_a_status_condition.
344,forecast,the_pokémon_transforms_with_the_weather_to_change_its_type_to_water_fire_or_ice.
345,color_change,the_pokémon's_type_becomes_the_type_of_the_move_used_on_it.
346,insomnia,the_pokémon_is_suffering_from_insomnia_and_cannot_fall_asleep.
347,insomnia,the_pokémon_is_suffering_from_insomnia_and_cannot_fall_asleep.
348,levitate,by_floating_in_the_air_the_pokémon_receives_full_immunity_to_all_ground-type_moves.
349,pressure,by_putting_pressure_on_the_opposing_pokémon_it_raises_their_pp_usage.
350,chlorophyll,boosts_the_pokémon's_speed_stat_in_harsh_sunlight._
351,levitate,by_floating_in_the_air_the_pokémon_receives_full_immunity_to_all_ground-type_moves.
352,pressure,by_putting_pressure_on_the_opposing_pokémon_it_raises_their_pp_usage.
353,shadow_tag,this_pokémon_steps_on_the_opposing_pokémon's_shadow_to_prevent_it_from_escaping.
354,inner_focus,the_pokémon's_intensely_focused_and_that_protects_the_pokémon_from_flinching.
355,inner_focus,the_pokémon's_intensely_focused_and_that_protects_the_pokémon_from_flinching.
356,thick_fat,the_pokémon_is_protected_by_a_layer_of_thick_fat_which_halves_the_damage_taken_from_fire-_and_ice-type_moves._
357,thick_fat,the_pokémon_is_protected_by_a_layer_of_thick_fat_which_halves_the_damage_taken_from_fire-_and_ice-type_moves._
358,thick_fat,the_pokémon_is_protected_by_a_layer_of_thick_fat_which_halves_the_damage_taken_from_fire-_and_ice-type_moves._
359,shell_armor,a_hard_shell_protects_the_pokémon_from_critical_hits.
360,swift_swim,boosts_the_pokémon's_speed_stat_in_rain.
361,swift_swim,boosts_the_pokémon's_speed_stat_in_rain.
362,swift_swim,boosts_the_pokémon's_speed_stat_in_rain.
363,swift_swim,boosts_the_pokémon's_speed_stat_in_rain.
364,rock_head,protects_the_pokémon_from_recoil_damage.
365,rock_head,protects_the_pokémon_from_recoil_damage.
366,intimidate,the_pokémon_intimidates_opposing_pokémon_upon_entering_battle_lowering_their_attack_stat.
367,clear_body,prevents_other_pokémon's_moves_or_abilities_from_lowering_the_pokémon's_stats.
368,clear_body,prevents_other_pokémon's_moves_or_abilities_from_lowering_the_pokémon's_stats.
369,clear_body,prevents_other_pokémon's_moves_or_abilities_from_lowering_the_pokémon's_stats.
370,clear_body,prevents_other_pokémon's_moves_or_abilities_from_lowering_the_pokémon's_stats.
371,clear_body,prevents_other_pokémon's_moves_or_abilities_from_lowering_the_pokémon's_stats.
372,clear_body,prevents_other_pokémon's_moves_or_abilities_from_lowering_the_pokémon's_stats.
373,levitate,by_floating_in_the_air_the_pokémon_receives_full_immunity_to_all_ground-type_moves.
374,levitate,by_floating_in_the_air_the_pokémon_receives_full_immunity_to_all_ground-type_moves.
375,drizzle,the_pokémon_makes_it_rain_when_it_enters_a_battle.
376,drought,turns_the_sunlight_harsh_when_the_pokémon_enters_a_battle.
377,air_lock,eliminates_the_effects_of_weather.
378,serene_grace,boosts_the_likelihood_of_additional_effects_occurring_when_attacking.
379,pressure,by_putting_pressure_on_the_opposing_pokémon_it_raises_their_pp_usage.
380,overgrow,powers_up_grass-type_moves_when_the_pokémon's_hp_is_low.
381,overgrow,powers_up_grass-type_moves_when_the_pokémon's_hp_is_low.
382,overgrow,powers_up_grass-type_moves_when_the_pokémon's_hp_is_low.
383,torrent,powers_up_water-type_moves_when_the_pokémon's_hp_is_low._
384,torrent,powers_up_water-type_moves_when_the_pokémon's_hp_is_low._
385,torrent,powers_up_water-type_moves_when_the_pokémon's_hp_is_low._
386,keen_eye,keen_eyes_prevent_other_pokémon_from_lowering_this_pokémon's_accuracy.
387,intimidate,the_pokémon_intimidates_opposing_pokémon_upon_entering_battle_lowering_their_attack_stat.
388,intimidate,the_pokémon_intimidates_opposing_pokémon_upon_entering_battle_lowering_their_attack_stat.
389,simple,the_stat_changes_the_pokémon_receives_are_doubled.
390,simple,the_stat_changes_the_pokémon_receives_are_doubled.
391,shed_skin,the_pokémon_may_heal_its_own_status_conditions_by_shedding_its_skin.
392,swarm,powers_up_bug-type_moves_when_the_pokémon's_hp_is_low.
393,natural_cure,all_status_conditions_heal_when_the_pokémon_switches_out.
394,natural_cure,all_status_conditions_heal_when_the_pokémon_switches_out.
395,mold_breaker,moves_can_be_used_on_the_target_regardless_of_its_abilities.
396,mold_breaker,moves_can_be_used_on_the_target_regardless_of_its_abilities.
397,sturdy,it_cannot_be_knocked_out_with_one_hit._one-hit_ko_moves_cannot_knock_it_out_either.
398,sturdy,it_cannot_be_knocked_out_with_one_hit._one-hit_ko_moves_cannot_knock_it_out_either.
399,shed_skin,the_pokémon_may_heal_its_own_status_conditions_by_shedding_its_skin.
400,anticipation,the_pokémon_can_sense_an_opposing_pokémon's_dangerous_moves.
401,swarm,powers_up_bug-type_moves_when_the_pokémon's_hp_is_low.
402,honey_gather,the_pokémon_may_gather_honey_after_a_battle.
403,pressure,by_putting_pressure_on_the_opposing_pokémon_it_raises_their_pp_usage.
404,run_away,enables_a_sure_getaway_from_wild_pokémon.
405,swift_swim,boosts_the_pokémon's_speed_stat_in_rain.
406,swift_swim,boosts_the_pokémon's_speed_stat_in_rain.
407,chlorophyll,boosts_the_pokémon's_speed_stat_in_harsh_sunlight._
408,flower_gift,boosts_the_attack_and_sp._def_stats_of_itself_and_allies_in_harsh_sunlight.
409,sticky_hold,items_held_by_the_pokémon_are_stuck_fast_and_cannot_be_removed_by_other_pokémon.
410,sticky_hold,items_held_by_the_pokémon_are_stuck_fast_and_cannot_be_removed_by_other_pokémon.
411,technician,powers_up_the_pokémon's_weaker_moves.
412,aftermath,damages_the_attacker_if_it_contacts_the_pokémon_with_a_finishing_hit.
413,aftermath,damages_the_attacker_if_it_contacts_the_pokémon_with_a_finishing_hit.
414,run_away,enables_a_sure_getaway_from_wild_pokémon.
415,cute_charm,contact_with_the_pokémon_may_cause_infatuation.
416,levitate,by_floating_in_the_air_the_pokémon_receives_full_immunity_to_all_ground-type_moves.
417,insomnia,the_pokémon_is_suffering_from_insomnia_and_cannot_fall_asleep.
418,limber,its_limber_body_protects_the_pokémon_from_paralysis.
419,thick_fat,the_pokémon_is_protected_by_a_layer_of_thick_fat_which_halves_the_damage_taken_from_fire-_and_ice-type_moves._
420,levitate,by_floating_in_the_air_the_pokémon_receives_full_immunity_to_all_ground-type_moves.
421,stench,by_releasing_stench_when_attacking_this_pokémon_may_cause_the_target_to_flinch.
422,stench,by_releasing_stench_when_attacking_this_pokémon_may_cause_the_target_to_flinch.
423,levitate,by_floating_in_the_air_the_pokémon_receives_full_immunity_to_all_ground-type_moves.
424,levitate,by_floating_in_the_air_the_pokémon_receives_full_immunity_to_all_ground-type_moves.
425,sturdy,it_cannot_be_knocked_out_with_one_hit._one-hit_ko_moves_cannot_knock_it_out_either.
426,soundproof,soundproofing_gives_the_pokémon_full_immunity_to_all_sound-based_moves.
427,natural_cure,all_status_conditions_heal_when_the_pokémon_switches_out.
428,keen_eye,keen_eyes_prevent_other_pokémon_from_lowering_this_pokémon's_accuracy.
429,pressure,by_putting_pressure_on_the_opposing_pokémon_it_raises_their_pp_usage.
430,sand_veil,boosts_the_pokémon's_evasiveness_in_a_sandstorm.
431,sand_veil,boosts_the_pokémon's_evasiveness_in_a_sandstorm.
432,sand_veil,boosts_the_pokémon's_evasiveness_in_a_sandstorm.
433,pickup,the_pokémon_may_pick_up_the_item_an_opposing_pokémon_used_during_a_battle._it_may_pick_up_items_outside_of_battle_too.
434,steadfast,the_pokémon's_determination_boosts_the_speed_stat_each_time_the_pokémon_flinches.
435,steadfast,the_pokémon's_determination_boosts_the_speed_stat_each_time_the_pokémon_flinches.
436,sand_stream,the_pokémon_summons_a_sandstorm_when_it_enters_a_battle.
437,sand_stream,the_pokémon_summons_a_sandstorm_when_it_enters_a_battle.
438,battle_armor,hard_armor_protects_the_pokémon_from_critical_hits.
439,battle_armor,hard_armor_protects_the_pokémon_from_critical_hits.
440,anticipation,the_pokémon_can_sense_an_opposing_pokémon's_dangerous_moves.
441,anticipation,the_pokémon_can_sense_an_opposing_pokémon's_dangerous_moves.
442,levitate,by_floating_in_the_air_the_pokémon_receives_full_immunity_to_all_ground-type_moves.
443,swift_swim,boosts_the_pokémon's_speed_stat_in_rain.
444,swift_swim,boosts_the_pokémon's_speed_stat_in_rain.
445,swift_swim,boosts_the_pokémon's_speed_stat_in_rain.
446,snow_warning,the_pokémon_summons_a_hailstorm_when_it_enters_a_battle.
447,snow_warning,the_pokémon_summons_a_hailstorm_when_it_enters_a_battle.
448,pressure,by_putting_pressure_on_the_opposing_pokémon_it_raises_their_pp_usage.
449,magnet_pull,prevents_steel-type_pokémon_from_escaping_using_its_magnetic_force.
450,own_tempo,this_pokémon_has_its_own_tempo_and_that_prevents_it_from_becoming_confused.
451,lightning_rod,the_pokémon_draws_in_all_electric-type_moves._instead_of_being_hit_by_electric-type_moves_it_boosts_its_sp._atk.
452,chlorophyll,boosts_the_pokémon's_speed_stat_in_harsh_sunlight._
453,motor_drive,boosts_its_speed_stat_if_hit_by_an_electric-type_move_instead_of_taking_damage.
454,flame_body,contact_with_the_pokémon_may_burn_the_attacker.
455,hustle,boosts_the_attack_stat_but_lowers_accuracy.
456,speed_boost,its_speed_stat_is_boosted_every_turn.
457,leaf_guard,prevents_status_conditions_in_harsh_sunlight.
458,snow_cloak,boosts_evasiveness_in_a_hailstorm.
459,hyper_cutter,the_pokémon's_proud_of_its_powerful_pincers._they_prevent_other_pokémon_from_lowering_its_attack_stat.
460,oblivious,the_pokémon_is_oblivious_and_that_keeps_it_from_being_infatuated_or_falling_for_taunts.
461,adaptability,powers_up_moves_of_the_same_type_as_the_pokémon.
462,steadfast,the_pokémon's_determination_boosts_the_speed_stat_each_time_the_pokémon_flinches.
463,sturdy,it_cannot_be_knocked_out_with_one_hit._one-hit_ko_moves_cannot_knock_it_out_either.
464,pressure,by_putting_pressure_on_the_opposing_pokémon_it_raises_their_pp_usage.
465,snow_cloak,boosts_evasiveness_in_a_hailstorm.
466,levitate,by_floating_in_the_air_the_pokémon_receives_full_immunity_to_all_ground-type_moves.
467,levitate,by_floating_in_the_air_the_pokémon_receives_full_immunity_to_all_ground-type_moves.
468,levitate,by_floating_in_the_air_the_pokémon_receives_full_immunity_to_all_ground-type_moves.
469,levitate,by_floating_in_the_air_the_pokémon_receives_full_immunity_to_all_ground-type_moves.
470,pressure,by_putting_pressure_on_the_opposing_pokémon_it_raises_their_pp_usage.
471,pressure,by_putting_pressure_on_the_opposing_pokémon_it_raises_their_pp_usage.
472,flash_fire,powers_up_the_pokémon's_fire-type_moves_if_it's_hit_by_one.
473,slow_start,for_five_turns_the_pokémon's_attack_and_speed_stats_are_halved.
474,pressure,by_putting_pressure_on_the_opposing_pokémon_it_raises_their_pp_usage.
475,levitate,by_floating_in_the_air_the_pokémon_receives_full_immunity_to_all_ground-type_moves.
476,bad_dreams,reduces_the_hp_of_sleeping_opposing_pokémon.
477,natural_cure,all_status_conditions_heal_when_the_pokémon_switches_out.
478,multitype,changes_the_pokémon's_type_to_match_the_plate_or_z-crystal_it_holds.
479,victory_star,boosts_the_accuracy_of_its_allies_and_itself.
480,inner_focus,the_pokémon's_intensely_focused_and_that_protects_the_pokémon_from_flinching.
481,overgrow,powers_up_grass-type_moves_when_the_pokémon's_hp_is_low.
482,overgrow,powers_up_grass-type_moves_when_the_pokémon's_hp_is_low.
483,overgrow,powers_up_grass-type_moves_when_the_pokémon's_hp_is_low.
484,blaze,powers_up_fire-type_moves_when_the_pokémon's_hp_is_low._
485,blaze,powers_up_fire-type_moves_when_the_pokémon's_hp_is_low._
486,blaze,powers_up_fire-type_moves_when_the_pokémon's_hp_is_low._
487,torrent,powers_up_water-type_moves_when_the_pokémon's_hp_is_low._
488,torrent,powers_up_water-type_moves_when_the_pokémon's_hp_is_low._
489,torrent,powers_up_water-type_moves_when_the_pokémon's_hp_is_low._
490,run_away,enables_a_sure_getaway_from_wild_pokémon.
491,illuminate,raises_the_likelihood_of_meeting_wild_pokémon_by_illuminating_the_surroundings.
492,vital_spirit,the_pokémon_is_full_of_vitality_and_that_prevents_it_from_falling_asleep.
493,intimidate,the_pokémon_intimidates_opposing_pokémon_upon_entering_battle_lowering_their_attack_stat.
494,intimidate,the_pokémon_intimidates_opposing_pokémon_upon_entering_battle_lowering_their_attack_stat.
495,limber,its_limber_body_protects_the_pokémon_from_paralysis.
496,limber,its_limber_body_protects_the_pokémon_from_paralysis.
497,gluttony,makes_the_pokémon_eat_a_held_berry_when_its_hp_drops_to_half_or_less_which_is_sooner_than_usual.
498,gluttony,makes_the_pokémon_eat_a_held_berry_when_its_hp_drops_to_half_or_less_which_is_sooner_than_usual.
499,gluttony,makes_the_pokémon_eat_a_held_berry_when_its_hp_drops_to_half_or_less_which_is_sooner_than_usual.
500,gluttony,makes_the_pokémon_eat_a_held_berry_when_its_hp_drops_to_half_or_less_which_is_sooner_than_usual.
501,gluttony,makes_the_pokémon_eat_a_held_berry_when_its_hp_drops_to_half_or_less_which_is_sooner_than_usual.
502,gluttony,makes_the_pokémon_eat_a_held_berry_when_its_hp_drops_to_half_or_less_which_is_sooner_than_usual.
503,forewarn,when_it_enters_a_battle_the_pokémon_can_tell_one_of_the_moves_an_opposing_pokémon_has.
504,forewarn,when_it_enters_a_battle_the_pokémon_can_tell_one_of_the_moves_an_opposing_pokémon_has.
505,big_pecks,protects_the_pokémon_from_defense-lowering_effects.
506,big_pecks,protects_the_pokémon_from_defense-lowering_effects.
507,big_pecks,protects_the_pokémon_from_defense-lowering_effects.
508,lightning_rod,the_pokémon_draws_in_all_electric-type_moves._instead_of_being_hit_by_electric-type_moves_it_boosts_its_sp._atk.
509,lightning_rod,the_pokémon_draws_in_all_electric-type_moves._instead_of_being_hit_by_electric-type_moves_it_boosts_its_sp._atk.
510,sturdy,it_cannot_be_knocked_out_with_one_hit._one-hit_ko_moves_cannot_knock_it_out_either.
511,sturdy,it_cannot_be_knocked_out_with_one_hit._one-hit_ko_moves_cannot_knock_it_out_either.
512,sturdy,it_cannot_be_knocked_out_with_one_hit._one-hit_ko_moves_cannot_knock_it_out_either.
513,unaware,when_attacking_the_pokémon_ignores_the_target_pokémon's_stat_changes.
514,unaware,when_attacking_the_pokémon_ignores_the_target_pokémon's_stat_changes.
515,sand_rush,boosts_the_pokémon's_speed_stat_in_a_sandstorm.
516,sand_rush,boosts_the_pokémon's_speed_stat_in_a_sandstorm.
517,healer,sometimes_heals_an_ally's_status_condition.
518,guts,it's_so_gutsy_that_having_a_status_condition_boosts_the_pokémon's_attack_stat.
519,guts,it's_so_gutsy_that_having_a_status_condition_boosts_the_pokémon's_attack_stat.
520,guts,it's_so_gutsy_that_having_a_status_condition_boosts_the_pokémon's_attack_stat.
521,swift_swim,boosts_the_pokémon's_speed_stat_in_rain.
522,swift_swim,boosts_the_pokémon's_speed_stat_in_rain.
523,swift_swim,boosts_the_pokémon's_speed_stat_in_rain.
524,guts,it's_so_gutsy_that_having_a_status_condition_boosts_the_pokémon's_attack_stat.
525,sturdy,it_cannot_be_knocked_out_with_one_hit._one-hit_ko_moves_cannot_knock_it_out_either.
526,swarm,powers_up_bug-type_moves_when_the_pokémon's_hp_is_low.
527,leaf_guard,prevents_status_conditions_in_harsh_sunlight.
528,swarm,powers_up_bug-type_moves_when_the_pokémon's_hp_is_low.
529,poison_point,contact_with_the_pokémon_may_poison_the_attacker.
530,poison_point,contact_with_the_pokémon_may_poison_the_attacker.
531,poison_point,contact_with_the_pokémon_may_poison_the_attacker.
532,prankster,gives_priority_to_a_status_move.
533,prankster,gives_priority_to_a_status_move.
534,chlorophyll,boosts_the_pokémon's_speed_stat_in_harsh_sunlight._
535,chlorophyll,boosts_the_pokémon's_speed_stat_in_harsh_sunlight._
536,damp,prevents_the_use_of_explosive_moves_such_as_self-destruct_by_dampening_its_surroundings.
537,reckless,powers_up_moves_that_have_recoil_damage.
538,intimidate,the_pokémon_intimidates_opposing_pokémon_upon_entering_battle_lowering_their_attack_stat.
539,intimidate,the_pokémon_intimidates_opposing_pokémon_upon_entering_battle_lowering_their_attack_stat.
540,intimidate,the_pokémon_intimidates_opposing_pokémon_upon_entering_battle_lowering_their_attack_stat.
541,hustle,boosts_the_attack_stat_but_lowers_accuracy.
542,sheer_force,removes_additional_effects_to_increase_the_power_of_moves_when_attacking.
543,water_absorb,restores_hp_if_hit_by_a_water-type_move_instead_of_taking_damage.
544,sturdy,it_cannot_be_knocked_out_with_one_hit._one-hit_ko_moves_cannot_knock_it_out_either.
545,sturdy,it_cannot_be_knocked_out_with_one_hit._one-hit_ko_moves_cannot_knock_it_out_either.
546,shed_skin,the_pokémon_may_heal_its_own_status_conditions_by_shedding_its_skin.
547,vital_spirit,the_pokémon_is_full_of_vitality_and_that_prevents_it_from_falling_asleep.
548,shed_skin,the_pokémon_may_heal_its_own_status_conditions_by_shedding_its_skin.
549,wonder_skin,makes_status_moves_more_likely_to_miss.
550,mummy,contact_with_the_pokémon_changes_the_attacker's_ability_to_mummy.
551,mummy,contact_with_the_pokémon_changes_the_attacker's_ability_to_mummy.
552,solid_rock,reduces_the_power_of_supereffective_attacks_taken.
553,solid_rock,reduces_the_power_of_supereffective_attacks_taken.
554,defeatist,halves_the_pokémon's_attack_and_sp._atk_stats_when_its_hp_becomes_half_or_less.
555,defeatist,halves_the_pokémon's_attack_and_sp._atk_stats_when_its_hp_becomes_half_or_less.
556,stench,by_releasing_stench_when_attacking_this_pokémon_may_cause_the_target_to_flinch.
557,stench,by_releasing_stench_when_attacking_this_pokémon_may_cause_the_target_to_flinch.
558,vital_spirit,the_pokémon_is_full_of_vitality_and_that_prevents_it_from_falling_asleep.
559,illusion,comes_out_disguised_as_the_pokémon_in_the_party's_last_spot.
560,illusion,comes_out_disguised_as_the_pokémon_in_the_party's_last_spot.
561,cute_charm,contact_with_the_pokémon_may_cause_infatuation.
562,cute_charm,contact_with_the_pokémon_may_cause_infatuation.
563,frisk,when_it_enters_a_battle_the_pokémon_can_check_an_opposing_pokémon's_held_item.
564,frisk,when_it_enters_a_battle_the_pokémon_can_check_an_opposing_pokémon's_held_item.
565,frisk,when_it_enters_a_battle_the_pokémon_can_check_an_opposing_pokémon's_held_item.
566,overcoat,protects_the_pokémon_from_things_like_sand_hail_and_powder.
567,overcoat,protects_the_pokémon_from_things_like_sand_hail_and_powder.
568,overcoat,protects_the_pokémon_from_things_like_sand_hail_and_powder.
569,intimidate,the_pokémon_intimidates_opposing_pokémon_upon_entering_battle_lowering_their_attack_stat.
570,keen_eye,keen_eyes_prevent_other_pokémon_from_lowering_this_pokémon's_accuracy.
571,keen_eye,keen_eyes_prevent_other_pokémon_from_lowering_this_pokémon's_accuracy.
572,ice_body,the_pokémon_gradually_regains_hp_in_a_hailstorm.
573,ice_body,the_pokémon_gradually_regains_hp_in_a_hailstorm.
574,ice_body,the_pokémon_gradually_regains_hp_in_a_hailstorm.
575,chlorophyll,boosts_the_pokémon's_speed_stat_in_harsh_sunlight._
576,chlorophyll,boosts_the_pokémon's_speed_stat_in_harsh_sunlight._
577,static,the_pokémon_is_charged_with_static_electricity_so_contact_with_it_may_cause_paralysis.
578,swarm,powers_up_bug-type_moves_when_the_pokémon's_hp_is_low.
579,swarm,powers_up_bug-type_moves_when_the_pokémon's_hp_is_low.
580,intimidate,the_pokémon_intimidates_opposing_pokémon_upon_entering_battle_lowering_their_attack_stat.
581,effect_spore,contact_with_the_pokémon_may_inflict_poison_sleep_or_paralysis_on_its_attacker.
582,effect_spore,contact_with_the_pokémon_may_inflict_poison_sleep_or_paralysis_on_its_attacker.
583,water_absorb,restores_hp_if_hit_by_a_water-type_move_instead_of_taking_damage.
584,water_absorb,restores_hp_if_hit_by_a_water-type_move_instead_of_taking_damage.
585,healer,sometimes_heals_an_ally's_status_condition.
586,compound_eyes,the_pokémon's_compound_eyes_boost_its_accuracy.
587,compound_eyes,the_pokémon's_compound_eyes_boost_its_accuracy.
588,iron_barbs,inflicts_damage_on_the_attacker_upon_contact_with_iron_barbs.
589,iron_barbs,inflicts_damage_on_the_attacker_upon_contact_with_iron_barbs.
590,plus,boosts_the_sp._atk_stat_of_the_pokémon_if_an_ally_with_the_plus_or_minus_ability_is_also_in_battle.
591,water_absorb,restores_hp_if_hit_by_a_water-type_move_instead_of_taking_damage.
592,plus,boosts_the_sp._atk_stat_of_the_pokémon_if_an_ally_with_the_plus_or_minus_ability_is_also_in_battle.
593,plus,boosts_the_sp._atk_stat_of_the_pokémon_if_an_ally_with_the_plus_or_minus_ability_is_also_in_battle.
594,levitate,by_floating_in_the_air_the_pokémon_receives_full_immunity_to_all_ground-type_moves.
595,levitate,by_floating_in_the_air_the_pokémon_receives_full_immunity_to_all_ground-type_moves.
596,levitate,by_floating_in_the_air_the_pokémon_receives_full_immunity_to_all_ground-type_moves.
597,telepathy,anticipates_an_ally's_attack_and_dodges_it.
598,telepathy,anticipates_an_ally's_attack_and_dodges_it.
599,flash_fire,powers_up_the_pokémon's_fire-type_moves_if_it's_hit_by_one.
600,flash_fire,powers_up_the_pokémon's_fire-type_moves_if_it's_hit_by_one.
601,flash_fire,powers_up_the_pokémon's_fire-type_moves_if_it's_hit_by_one.
602,water_absorb,restores_hp_if_hit_by_a_water-type_move_instead_of_taking_damage.
603,rivalry,becomes_competitive_and_deals_more_damage_to_pokémon_of_the_same_gender_but_deals_less_to_pokémon_of_the_opposite_gender.
604,rivalry,becomes_competitive_and_deals_more_damage_to_pokémon_of_the_same_gender_but_deals_less_to_pokémon_of_the_opposite_gender.
605,rivalry,becomes_competitive_and_deals_more_damage_to_pokémon_of_the_same_gender_but_deals_less_to_pokémon_of_the_opposite_gender.
606,snow_cloak,boosts_evasiveness_in_a_hailstorm.
607,snow_cloak,boosts_evasiveness_in_a_hailstorm.
608,levitate,by_floating_in_the_air_the_pokémon_receives_full_immunity_to_all_ground-type_moves.
609,hydration,heals_status_conditions_if_it's_raining.
610,hydration,heals_status_conditions_if_it's_raining.
611,static,the_pokémon_is_charged_with_static_electricity_so_contact_with_it_may_cause_paralysis.
612,inner_focus,the_pokémon's_intensely_focused_and_that_protects_the_pokémon_from_flinching.
613,water_absorb,restores_hp_if_hit_by_a_water-type_move_instead_of_taking_damage.
614,inner_focus,the_pokémon's_intensely_focused_and_that_protects_the_pokémon_from_flinching.
615,rough_skin,this_pokémon_inflicts_damage_with_its_rough_skin_to_the_attacker_on_contact.
616,iron_fist,powers_up_punching_moves.
617,iron_fist,powers_up_punching_moves.
618,defiant,boosts_the_pokémon's_attack_stat_sharply_when_its_stats_are_lowered.
619,defiant,boosts_the_pokémon's_attack_stat_sharply_when_its_stats_are_lowered.
620,reckless,powers_up_moves_that_have_recoil_damage.
621,keen_eye,keen_eyes_prevent_other_pokémon_from_lowering_this_pokémon's_accuracy.
622,keen_eye,keen_eyes_prevent_other_pokémon_from_lowering_this_pokémon's_accuracy.
623,big_pecks,protects_the_pokémon_from_defense-lowering_effects.
624,synchronize,the_attacker_will_receive_the_same_status_condition_if_it_inflicts_a_burn_poison_or_paralysis_to_the_pokémon.
625,big_pecks,protects_the_pokémon_from_defense-lowering_effects.
626,gluttony,makes_the_pokémon_eat_a_held_berry_when_its_hp_drops_to_half_or_less_which_is_sooner_than_usual.
627,swarm,powers_up_bug-type_moves_when_the_pokémon's_hp_is_low.
628,hustle,boosts_the_attack_stat_but_lowers_accuracy.
629,hustle,boosts_the_attack_stat_but_lowers_accuracy.
630,levitate,by_floating_in_the_air_the_pokémon_receives_full_immunity_to_all_ground-type_moves.
631,flame_body,contact_with_the_pokémon_may_burn_the_attacker.
632,flame_body,contact_with_the_pokémon_may_burn_the_attacker.
633,justified,being_hit_by_a_dark-type_move_boosts_the_attack_stat_of_the_pokémon_for_justice.
634,justified,being_hit_by_a_dark-type_move_boosts_the_attack_stat_of_the_pokémon_for_justice.
635,synchronize,the_attacker_will_receive_the_same_status_condition_if_it_inflicts_a_burn_poison_or_paralysis_to_the_pokémon.
636,justified,being_hit_by_a_dark-type_move_boosts_the_attack_stat_of_the_pokémon_for_justice.
637,prankster,gives_priority_to_a_status_move.
638,prankster,gives_priority_to_a_status_move.
639,turboblaze,moves_can_be_used_on_the_target_regardless_of_its_abilities.
640,teravolt,moves_can_be_used_on_the_target_regardless_of_its_abilities.
641,sand_force,boosts_the_power_of_rock-_ground-_and_steel-type_moves_in_a_sandstorm.
642,pressure,by_putting_pressure_on_the_opposing_pokémon_it_raises_their_pp_usage.
643,justified,being_hit_by_a_dark-type_move_boosts_the_attack_stat_of_the_pokémon_for_justice.
644,serene_grace,boosts_the_likelihood_of_additional_effects_occurring_when_attacking.
645,download,compares_an_opposing_pokémon's_defense_and_sp._def_stats_before_raising_its_own_attack_or_sp._atk_stat—whichever_will_be_more_effective.
646,synchronize,the_attacker_will_receive_the_same_status_condition_if_it_inflicts_a_burn_poison_or_paralysis_to_the_pokémon.
647,overgrow,powers_up_grass-type_moves_when_the_pokémon's_hp_is_low.
648,overgrow,powers_up_grass-type_moves_when_the_pokémon's_hp_is_low.
649,overgrow,powers_up_grass-type_moves_when_the_pokémon's_hp_is_low.
650,blaze,powers_up_fire-type_moves_when_the_pokémon's_hp_is_low._
651,blaze,powers_up_fire-type_moves_when_the_pokémon's_hp_is_low._
652,blaze,powers_up_fire-type_moves_when_the_pokémon's_hp_is_low._
653,torrent,powers_up_water-type_moves_when_the_pokémon's_hp_is_low._
654,torrent,powers_up_water-type_moves_when_the_pokémon's_hp_is_low._
655,torrent,powers_up_water-type_moves_when_the_pokémon's_hp_is_low._
656,pickup,the_pokémon_may_pick_up_the_item_an_opposing_pokémon_used_during_a_battle._it_may_pick_up_items_outside_of_battle_too.
657,guts,it's_so_gutsy_that_having_a_status_condition_boosts_the_pokémon's_attack_stat.
658,pickup,the_pokémon_may_pick_up_the_item_an_opposing_pokémon_used_during_a_battle._it_may_pick_up_items_outside_of_battle_too.
659,big_pecks,protects_the_pokémon_from_defense-lowering_effects.
660,flame_body,contact_with_the_pokémon_may_burn_the_attacker.
661,flame_body,contact_with_the_pokémon_may_burn_the_attacker.
662,shield_dust,this_pokémon's_dust_blocks_the_additional_effects_of_attacks_taken.
663,shed_skin,the_pokémon_may_heal_its_own_status_conditions_by_shedding_its_skin.
664,shield_dust,this_pokémon's_dust_blocks_the_additional_effects_of_attacks_taken.
665,rivalry,becomes_competitive_and_deals_more_damage_to_pokémon_of_the_same_gender_but_deals_less_to_pokémon_of_the_opposite_gender.
666,rivalry,becomes_competitive_and_deals_more_damage_to_pokémon_of_the_same_gender_but_deals_less_to_pokémon_of_the_opposite_gender.
667,flower_veil,ally_grass-type_pokémon_are_protected_from_status_conditions_and_the_lowering_of_their_stats.
668,guts,it's_so_gutsy_that_having_a_status_condition_boosts_the_pokémon's_attack_stat.
669,flower_veil,ally_grass-type_pokémon_are_protected_from_status_conditions_and_the_lowering_of_their_stats.
670,flower_veil,ally_grass-type_pokémon_are_protected_from_status_conditions_and_the_lowering_of_their_stats.
671,sap_sipper,boosts_the_attack_stat_if_hit_by_a_grass-type_move_instead_of_taking_damage.
672,sap_sipper,boosts_the_attack_stat_if_hit_by_a_grass-type_move_instead_of_taking_damage.
673,iron_fist,powers_up_punching_moves.
674,iron_fist,powers_up_punching_moves.
675,fur_coat,halves_the_damage_from_physical_moves.
676,keen_eye,keen_eyes_prevent_other_pokémon_from_lowering_this_pokémon's_accuracy.
677,keen_eye,keen_eyes_prevent_other_pokémon_from_lowering_this_pokémon's_accuracy.
678,guts,it's_so_gutsy_that_having_a_status_condition_boosts_the_pokémon's_attack_stat.
679,stance_change,the_pokémon_changes_its_form_to_blade_forme_when_it_uses_an_attack_move_and_changes_to_shield_forme_when_it_uses_king's_shield.
680,healer,sometimes_heals_an_ally's_status_condition.
681,healer,sometimes_heals_an_ally's_status_condition.
682,sweet_veil,prevents_itself_and_ally_pokémon_from_falling_asleep.
683,sweet_veil,prevents_itself_and_ally_pokémon_from_falling_asleep.
684,suction_cups,this_pokémon_uses_suction_cups_to_stay_in_one_spot_to_negate_all_moves_and_items_that_force_switching_out.
685,suction_cups,this_pokémon_uses_suction_cups_to_stay_in_one_spot_to_negate_all_moves_and_items_that_force_switching_out.
686,tough_claws,powers_up_moves_that_make_direct_contact._
687,tough_claws,powers_up_moves_that_make_direct_contact._
688,chlorophyll,boosts_the_pokémon's_speed_stat_in_harsh_sunlight._
689,poison_point,contact_with_the_pokémon_may_poison_the_attacker.
690,poison_point,contact_with_the_pokémon_may_poison_the_attacker.
691,mega_launcher,powers_up_aura_and_pulse_moves._
692,mega_launcher,powers_up_aura_and_pulse_moves._
693,dry_skin,restores_hp_in_rain_or_when_hit_by_water-type_moves._reduces_hp_in_harsh_sunlight_and_increases_the_damage_received_from_fire-type_moves.
694,dry_skin,restores_hp_in_rain_or_when_hit_by_water-type_moves._reduces_hp_in_harsh_sunlight_and_increases_the_damage_received_from_fire-type_moves.
695,strong_jaw,the_pokémon's_strong_jaw_boosts_the_power_of_its_biting_moves.
696,strong_jaw,the_pokémon's_strong_jaw_boosts_the_power_of_its_biting_moves.
697,refrigerate,normal-type_moves_become_ice-type_moves._the_power_of_those_moves_is_boosted_a_little.
698,refrigerate,normal-type_moves_become_ice-type_moves._the_power_of_those_moves_is_boosted_a_little.
699,chlorophyll,boosts_the_pokémon's_speed_stat_in_harsh_sunlight._
700,cute_charm,contact_with_the_pokémon_may_cause_infatuation.
701,limber,its_limber_body_protects_the_pokémon_from_paralysis.
702,cheek_pouch,restores_hp_as_well_when_the_pokémon_eats_a_berry.
703,clear_body,prevents_other_pokémon's_moves_or_abilities_from_lowering_the_pokémon's_stats.
704,sap_sipper,boosts_the_attack_stat_if_hit_by_a_grass-type_move_instead_of_taking_damage.
705,sap_sipper,boosts_the_attack_stat_if_hit_by_a_grass-type_move_instead_of_taking_damage.
706,sap_sipper,boosts_the_attack_stat_if_hit_by_a_grass-type_move_instead_of_taking_damage.
707,prankster,gives_priority_to_a_status_move.
708,natural_cure,all_status_conditions_heal_when_the_pokémon_switches_out.
709,natural_cure,all_status_conditions_heal_when_the_pokémon_switches_out.
710,chlorophyll,boosts_the_pokémon's_speed_stat_in_harsh_sunlight._
711,pickup,the_pokémon_may_pick_up_the_item_an_opposing_pokémon_used_during_a_battle._it_may_pick_up_items_outside_of_battle_too.
712,pickup,the_pokémon_may_pick_up_the_item_an_opposing_pokémon_used_during_a_battle._it_may_pick_up_items_outside_of_battle_too.
713,own_tempo,this_pokémon_has_its_own_tempo_and_that_prevents_it_from_becoming_confused.
714,own_tempo,this_pokémon_has_its_own_tempo_and_that_prevents_it_from_becoming_confused.
715,frisk,when_it_enters_a_battle_the_pokémon_can_check_an_opposing_pokémon's_held_item.
716,frisk,when_it_enters_a_battle_the_pokémon_can_check_an_opposing_pokémon's_held_item.
717,fairy_aura,powers_up_each_pokémon's_fairy-type_moves.
718,dark_aura,powers_up_each_pokémon's_dark-type_moves.
719,aura_break,the_effects_of_aura_abilities_are_reversed_to_lower_the_power_of_affected_moves.
720,clear_body,prevents_other_pokémon's_moves_or_abilities_from_lowering_the_pokémon's_stats.
721,clear_body,prevents_other_pokémon's_moves_or_abilities_from_lowering_the_pokémon's_stats.
722,magician,the_pokémon_steals_the_held_item_of_a_pokémon_it_hits_with_a_move.
723,water_absorb,restores_hp_if_hit_by_a_water-type_move_instead_of_taking_damage.
724,overgrow,powers_up_grass-type_moves_when_the_pokémon's_hp_is_low.
725,overgrow,powers_up_grass-type_moves_when_the_pokémon's_hp_is_low.
726,overgrow,powers_up_grass-type_moves_when_the_pokémon's_hp_is_low.
727,blaze,powers_up_fire-type_moves_when_the_pokémon's_hp_is_low._
728,blaze,powers_up_fire-type_moves_when_the_pokémon's_hp_is_low._
729,blaze,powers_up_fire-type_moves_when_the_pokémon's_hp_is_low._
730,torrent,powers_up_water-type_moves_when_the_pokémon's_hp_is_low._
731,torrent,powers_up_water-type_moves_when_the_pokémon's_hp_is_low._
732,clear_body,prevents_other_pokémon's_moves_or_abilities_from_lowering_the_pokémon's_stats.
733,torrent,powers_up_water-type_moves_when_the_pokémon's_hp_is_low._
734,keen_eye,keen_eyes_prevent_other_pokémon_from_lowering_this_pokémon's_accuracy.
735,keen_eye,keen_eyes_prevent_other_pokémon_from_lowering_this_pokémon's_accuracy.
736,keen_eye,keen_eyes_prevent_other_pokémon_from_lowering_this_pokémon's_accuracy.
737,stakeout,doubles_the_damage_dealt_to_the_target's_replacement_if_the_target_switches_out.
738,stakeout,doubles_the_damage_dealt_to_the_target's_replacement_if_the_target_switches_out.
739,swarm,powers_up_bug-type_moves_when_the_pokémon's_hp_is_low.
740,battery,powers_up_ally_pokémon's_special_moves.
741,levitate,by_floating_in_the_air_the_pokémon_receives_full_immunity_to_all_ground-type_moves.
742,hyper_cutter,the_pokémon's_proud_of_its_powerful_pincers._they_prevent_other_pokémon_from_lowering_its_attack_stat.
743,rock_head,protects_the_pokémon_from_recoil_damage.
744,hyper_cutter,the_pokémon's_proud_of_its_powerful_pincers._they_prevent_other_pokémon_from_lowering_its_attack_stat.
745,dancer,when_another_pokémon_uses_a_dance_move_it_can_use_a_dance_move_following_it_regardless_of_its_speed.
746,honey_gather,the_pokémon_may_gather_honey_after_a_battle.
747,honey_gather,the_pokémon_may_gather_honey_after_a_battle.
748,keen_eye,keen_eyes_prevent_other_pokémon_from_lowering_this_pokémon's_accuracy.
749,keen_eye,keen_eyes_prevent_other_pokémon_from_lowering_this_pokémon's_accuracy.
750,schooling,when_it_has_a_lot_of_hp_the_pokémon_forms_a_powerful_school._it_stops_schooling_when_its_hp_is_low.__doesn't_work_until_level_20.
751,merciless,the_pokémon's_attacks_become_critical_hits_if_the_target_is_poisoned.
752,merciless,the_pokémon's_attacks_become_critical_hits_if_the_target_is_poisoned.
753,own_tempo,this_pokémon_has_its_own_tempo_and_that_prevents_it_from_becoming_confused.
754,rock_head,protects_the_pokémon_from_recoil_damage.
755,own_tempo,this_pokémon_has_its_own_tempo_and_that_prevents_it_from_becoming_confused.
756,water_bubble,lowers_the_power_of_fire-type_moves_done_to_the_pokémon_and_prevents_the_pokémon_from_getting_a_burn.
757,water_bubble,lowers_the_power_of_fire-type_moves_done_to_the_pokémon_and_prevents_the_pokémon_from_getting_a_burn.
758,leaf_guard,prevents_status_conditions_in_harsh_sunlight.
759,leaf_guard,prevents_status_conditions_in_harsh_sunlight.
760,illuminate,raises_the_likelihood_of_meeting_wild_pokémon_by_illuminating_the_surroundings.
761,illuminate,raises_the_likelihood_of_meeting_wild_pokémon_by_illuminating_the_surroundings.
762,corrosion,the_pokémon_can_poison_the_target_even_if_it's_a_steel_or_poison_type.
763,corrosion,the_pokémon_can_poison_the_target_even_if_it's_a_steel_or_poison_type.
764,fluffy,halves_the_damage_taken_from_moves_that_make_direct_contact_but_doubles_that_of_fire-type_moves.
765,rock_head,protects_the_pokémon_from_recoil_damage.
766,fluffy,halves_the_damage_taken_from_moves_that_make_direct_contact_but_doubles_that_of_fire-type_moves.
767,leaf_guard,prevents_status_conditions_in_harsh_sunlight.
768,leaf_guard,prevents_status_conditions_in_harsh_sunlight.
769,leaf_guard,prevents_status_conditions_in_harsh_sunlight.
770,flower_veil,ally_grass-type_pokémon_are_protected_from_status_conditions_and_the_lowering_of_their_stats.
771,receiver,the_pokémon_copies_the_ability_of_a_defeated_ally.
772,wimp_out,the_pokémon_cowardly_switches_out_when_its_hp_becomes_half_or_less.
773,emergency_exit,the_pokémon_sensing_danger_switches_out_when_its_hp_becomes_half_or_less.
774,water_compaction,boosts_the_pokémon's_defense_stat_sharply_when_hit_by_a_water-type_move.
775,run_away,enables_a_sure_getaway_from_wild_pokémon.
776,water_compaction,boosts_the_pokémon's_defense_stat_sharply_when_hit_by_a_water-type_move.
777,innards_out,damages_the_attacker_landing_the_finishing_hit_by_the_amount_equal_to_its_last_hp.
778,battle_armor,hard_armor_protects_the_pokémon_from_critical_hits.
779,rks_system,changes_the_pokémon's_type_to_match_the_memory_disc_it_holds.
780,shields_down,when_its_hp_becomes_half_or_less_the_pokémon's_shell_breaks_and_it_becomes_aggressive.
781,comatose,it's_always_drowsing_and_will_never_wake_up._it_can_attack_without_waking_up.
782,shell_armor,a_hard_shell_protects_the_pokémon_from_critical_hits.
783,iron_barbs,inflicts_damage_on_the_attacker_upon_contact_with_iron_barbs.
784,disguise,once_per_battle_the_shroud_that_covers_the_pokémon_can_protect_it_from_an_attack.
785,dazzling,surprises_the_opposing_pokémon_making_it_unable_to_attack_using_priority_moves.
786,run_away,enables_a_sure_getaway_from_wild_pokémon.
787,berserk,boosts_the_pokémon's_sp._atk_stat_when_it_takes_a_hit_that_causes_its_hp_to_become_half_or_less.
788,steelworker,powers_up_steel-type_moves.
789,bulletproof,protects_the_pokémon_from_some_ball_and_bomb_moves.
790,bulletproof,protects_the_pokémon_from_some_ball_and_bomb_moves.
791,bulletproof,protects_the_pokémon_from_some_ball_and_bomb_moves.
792,electric_surge,turns_the_ground_into_electric_terrain_when_the_pokémon_enters_a_battle.
793,psychic_surge,turns_the_ground_into_psychic_terrain_when_the_pokémon_enters_a_battle.
794,grassy_surge,turns_the_ground_into_grassy_terrain_when_the_pokémon_enters_a_battle.
795,misty_surge,turns_the_ground_into_misty_terrain_when_the_pokémon_enters_a_battle.
796,unaware,when_attacking_the_pokémon_ignores_the_target_pokémon's_stat_changes.
797,oblivious,the_pokémon_is_oblivious_and_that_keeps_it_from_being_infatuated_or_falling_for_taunts.
798,sturdy,it_cannot_be_knocked_out_with_one_hit._one-hit_ko_moves_cannot_knock_it_out_either.
799,full_metal_body,prevents_other_pokémon's_moves_or_abilities_from_lowering_the_pokémon's_stats.
800,shadow_shield,reduces_the_amount_of_damage_the_pokémon_takes_while_its_hp_is_full.
801,beast_boost,the_pokémon_boosts_its_most_proficient_stat_each_time_it_knocks_out_a_pokémon.
802,beast_boost,the_pokémon_boosts_its_most_proficient_stat_each_time_it_knocks_out_a_pokémon.
803,beast_boost,the_pokémon_boosts_its_most_proficient_stat_each_time_it_knocks_out_a_pokémon.
804,beast_boost,the_pokémon_boosts_its_most_proficient_stat_each_time_it_knocks_out_a_pokémon.
805,beast_boost,the_pokémon_boosts_its_most_proficient_stat_each_time_it_knocks_out_a_pokémon.
806,beast_boost,the_pokémon_boosts_its_most_proficient_stat_each_time_it_knocks_out_a_pokémon.
807,beast_boost,the_pokémon_boosts_its_most_proficient_stat_each_time_it_knocks_out_a_pokémon.
808,oblivious,the_pokémon_is_oblivious_and_that_keeps_it_from_being_infatuated_or_falling_for_taunts.
809,prism_armor,reduces_the_power_of_supereffective_attacks_taken.
810,soul-heart,boosts_its_sp._atk_stat_every_time_a_pokémon_faints.
811,technician,powers_up_the_pokémon's_weaker_moves.
812,beast_boost,the_pokémon_boosts_its_most_proficient_stat_each_time_it_knocks_out_a_pokémon.
813,beast_boost,the_pokémon_boosts_its_most_proficient_stat_each_time_it_knocks_out_a_pokémon.
814,beast_boost,the_pokémon_boosts_its_most_proficient_stat_each_time_it_knocks_out_a_pokémon.
815,beast_boost,the_pokémon_boosts_its_most_proficient_stat_each_time_it_knocks_out_a_pokémon.
816,volt_absorb,restores_hp_if_hit_by_an_electric-type_move_instead_of_taking_damage.
817,magnet_pull,prevents_steel-type_pokémon_from_escaping_using_its_magnetic_force.
818,iron_fist,powers_up_punching_moves.
819,magnet_pull,prevents_steel-type_pokémon_from_escaping_using_its_magnetic_force.
820,keen_eye,keen_eyes_prevent_other_pokémon_from_lowering_this_pokémon's_accuracy.
821,run_away,enables_a_sure_getaway_from_wild_pokémon.
822,run_away,enables_a_sure_getaway_from_wild_pokémon.
823,thick_fat,the_pokémon_is_protected_by_a_layer_of_thick_fat_which_halves_the_damage_taken_from_fire-_and_ice-type_moves._
824,thick_fat,the_pokémon_is_protected_by_a_layer_of_thick_fat_which_halves_the_damage_taken_from_fire-_and_ice-type_moves._
825,stench,by_releasing_stench_when_attacking_this_pokémon_may_cause_the_target_to_flinch.
826,stench,by_releasing_stench_when_attacking_this_pokémon_may_cause_the_target_to_flinch.
827,shell_armor,a_hard_shell_protects_the_pokémon_from_critical_hits.
828,shell_armor,a_hard_shell_protects_the_pokémon_from_critical_hits.
829,levitate,by_floating_in_the_air_the_pokémon_receives_full_immunity_to_all_ground-type_moves.
830,levitate,by_floating_in_the_air_the_pokémon_receives_full_immunity_to_all_ground-type_moves.
831,levitate,by_floating_in_the_air_the_pokémon_receives_full_immunity_to_all_ground-type_moves.
832,rock_head,protects_the_pokémon_from_recoil_damage.
833,insomnia,the_pokémon_is_suffering_from_insomnia_and_cannot_fall_asleep.
834,insomnia,the_pokémon_is_suffering_from_insomnia_and_cannot_fall_asleep.
835,hyper_cutter,the_pokémon's_proud_of_its_powerful_pincers._they_prevent_other_pokémon_from_lowering_its_attack_stat.
836,hyper_cutter,the_pokémon's_proud_of_its_powerful_pincers._they_prevent_other_pokémon_from_lowering_its_attack_stat.
837,frisk,when_it_enters_a_battle_the_pokémon_can_check_an_opposing_pokémon's_held_item.
838,trace,when_it_enters_a_battle_the_pokémon_copies_an_opposing_pokémon's_ability.
839,magnet_pull,prevents_steel-type_pokémon_from_escaping_using_its_magnetic_force.
840,magnet_pull,prevents_steel-type_pokémon_from_escaping_using_its_magnetic_force.
841,magnet_pull,prevents_steel-type_pokémon_from_escaping_using_its_magnetic_force.
842,run_away,enables_a_sure_getaway_from_wild_pokémon.
843,run_away,enables_a_sure_getaway_from_wild_pokémon.
844,gluttony,makes_the_pokémon_eat_a_held_berry_when_its_hp_drops_to_half_or_less_which_is_sooner_than_usual.
845,shell_armor,a_hard_shell_protects_the_pokémon_from_critical_hits.
846,quick_draw,enables_the_pokémon_to_move_first_occasionally.
847,steadfast,the_pokémon's_determination_boosts_the_speed_stat_each_time_the_pokémon_flinches.
848,stance_change,the_pokémon_changes_its_form_to_blade_forme_when_it_uses_an_attack_move_and_changes_to_shield_forme_when_it_uses_king's_shield.
849,shadow_tag,this_pokémon_steps_on_the_opposing_pokémon's_shadow_to_prevent_it_from_escaping.
850,poison_touch,may_poison_a_target_when_the_pokémon_makes_contact.
851,poison_touch,may_poison_a_target_when_the_pokémon_makes_contact.
852,cursed_body,may_disable_a_move_used_on_the_pokémon.
853,levitate,by_floating_in_the_air_the_pokémon_receives_full_immunity_to_all_ground-type_moves.
854,tangled_feet,raises_evasiveness_if_the_pokémon_is_confused.
855,vital_spirit,the_pokémon_is_full_of_vitality_and_that_prevents_it_from_falling_asleep.
856,battle_armor,hard_armor_protects_the_pokémon_from_critical_hits.
857,parental_bond,parent_and_child_each_attacks.
858,aerilate,normal-type_moves_become_flying-type_moves._the_power_of_those_moves_is_boosted_a_little.
859,mold_breaker,moves_can_be_used_on_the_target_regardless_of_its_abilities.
860,tough_claws,powers_up_moves_that_make_direct_contact._
861,sand_force,boosts_the_power_of_rock-_ground-_and_steel-type_moves_in_a_sandstorm.
862,technician,powers_up_the_pokémon's_weaker_moves.
863,competitive,boosts_the_sp._atk_stat_sharply_when_a_stat_is_lowered.
864,defiant,boosts_the_pokémon's_attack_stat_sharply_when_its_stats_are_lowered.
865,berserk,boosts_the_pokémon's_sp._atk_stat_when_it_takes_a_hit_that_causes_its_hp_to_become_half_or_less.
866,curious_medicine,when_the_pokémon_is_brought_into_battle_any_stat_alterations_of_allies_are_removed.
867,weak_armor,physical_attacks_to_the_pokémon_lower_its_defense_stat_but_sharply_raise_its_speed_stat.
868,weak_armor,physical_attacks_to_the_pokémon_lower_its_defense_stat_but_sharply_raise_its_speed_stat.
869,pressure,by_putting_pressure_on_the_opposing_pokémon_it_raises_their_pp_usage.
870,pressure,by_putting_pressure_on_the_opposing_pokémon_it_raises_their_pp_usage.
871,pressure,by_putting_pressure_on_the_opposing_pokémon_it_raises_their_pp_usage.
872,mold_breaker,moves_can_be_used_on_the_target_regardless_of_its_abilities.
873,skill_link,maximizes_the_number_of_times_multistrike_moves_hit.
874,solar_power,boosts_the_sp._atk_stat_in_harsh_sunlight_but_hp_decreases_every_turn.
875,sand_stream,the_pokémon_summons_a_sandstorm_when_it_enters_a_battle.
876,steadfast,the_pokémon's_determination_boosts_the_speed_stat_each_time_the_pokémon_flinches.
877,levitate,by_floating_in_the_air_the_pokémon_receives_full_immunity_to_all_ground-type_moves.
878,levitate,by_floating_in_the_air_the_pokémon_receives_full_immunity_to_all_ground-type_moves.
879,levitate,by_floating_in_the_air_the_pokémon_receives_full_immunity_to_all_ground-type_moves.
880,keen_eye,keen_eyes_prevent_other_pokémon_from_lowering_this_pokémon's_accuracy.
881,tough_claws,powers_up_moves_that_make_direct_contact._
882,prism_armor,reduces_the_power_of_supereffective_attacks_taken.
883,prism_armor,reduces_the_power_of_supereffective_attacks_taken.
884,neuroforce,powers_up_moves_that_are_super_effective.
885,serene_grace,boosts_the_likelihood_of_additional_effects_occurring_when_attacking.
886,levitate,by_floating_in_the_air_the_pokémon_receives_full_immunity_to_all_ground-type_moves.
887,levitate,by_floating_in_the_air_the_pokémon_receives_full_immunity_to_all_ground-type_moves.
888,levitate,by_floating_in_the_air_the_pokémon_receives_full_immunity_to_all_ground-type_moves.
889,levitate,by_floating_in_the_air_the_pokémon_receives_full_immunity_to_all_ground-type_moves.
890,power_spot,just_being_next_to_the_pokémon_powers_up_moves.
891,levitate,by_floating_in_the_air_the_pokémon_receives_full_immunity_to_all_ground-type_moves.
892,rock_head,protects_the_pokémon_from_recoil_damage.
893,regenerator,restores_a_little_hp_when_withdrawn_from_battle.
894,volt_absorb,restores_hp_if_hit_by_an_electric-type_move_instead_of_taking_damage.
895,intimidate,the_pokémon_intimidates_opposing_pokémon_upon_entering_battle_lowering_their_attack_stat.
896,volt_absorb,restores_hp_if_hit_by_an_electric-type_move_instead_of_taking_damage.
897,water_absorb,restores_hp_if_hit_by_a_water-type_move_instead_of_taking_damage.
898,volt_absorb,restores_hp_if_hit_by_an_electric-type_move_instead_of_taking_damage.
899,turboblaze,moves_can_be_used_on_the_target_regardless_of_its_abilities.
900,water_absorb,restores_hp_if_hit_by_a_water-type_move_instead_of_taking_damage.
901,teravolt,moves_can_be_used_on_the_target_regardless_of_its_abilities.
902,light_metal,halves_the_pokémon's_weight.
903,lightning_rod,the_pokémon_draws_in_all_electric-type_moves._instead_of_being_hit_by_electric-type_moves_it_boosts_its_sp._atk.
904,hunger_switch,the_pokémon_changes_its_form_alternating_between_its_full_belly_mode_and_hangry_mode_after_the_end_of_each_turn.
905,battle_bond,defeating_an_opposing_pokémon_strengthens_the_pokémon's_bond_with_its_trainer_and_it_becomes_ash-greninja._water_shuriken_gets_more_powerful.
906,lightning_rod,the_pokémon_draws_in_all_electric-type_moves._instead_of_being_hit_by_electric-type_moves_it_boosts_its_sp._atk.
907,speed_boost,its_speed_stat_is_boosted_every_turn.
908,swift_swim,boosts_the_pokémon's_speed_stat_in_rain.
909,delta_stream,the_pokémon_changes_the_weather_to_eliminate_all_of_the_flying_type's_weaknesses.
910,primordial_sea,the_pokémon_changes_the_weather_to_nullify_fire-type_attacks.
911,desolate_land,the_pokémon_changes_the_weather_to_nullify_water-type_attacks.
912,filter,reduces_the_power_of_supereffective_attacks_taken.
913,pixilate,normal-type_moves_become_fairy-type_moves._the_power_of_those_moves_is_boosted_a_little.
914,inner_focus,the_pokémon's_intensely_focused_and_that_protects_the_pokémon_from_flinching.
915,intimidate,the_pokémon_intimidates_opposing_pokémon_upon_entering_battle_lowering_their_attack_stat.
916,sand_force,boosts_the_power_of_rock-_ground-_and_steel-type_moves_in_a_sandstorm.
917,overgrow,powers_up_grass-type_moves_when_the_pokémon's_hp_is_low.
918,overgrow,powers_up_grass-type_moves_when_the_pokémon's_hp_is_low.
919,overgrow,powers_up_grass-type_moves_when_the_pokémon's_hp_is_low.
920,blaze,powers_up_fire-type_moves_when_the_pokémon's_hp_is_low._
921,blaze,powers_up_fire-type_moves_when_the_pokémon's_hp_is_low._
922,blaze,powers_up_fire-type_moves_when_the_pokémon's_hp_is_low._
923,torrent,powers_up_water-type_moves_when_the_pokémon's_hp_is_low._
924,torrent,powers_up_water-type_moves_when_the_pokémon's_hp_is_low._
925,torrent,powers_up_water-type_moves_when_the_pokémon's_hp_is_low._
926,intrepid_sword,boosts_the_pokémon's_attack_stat_when_the_pokémon_enters_a_battle.
927,intrepid_sword,boosts_the_pokémon's_attack_stat_when_the_pokémon_enters_a_battle.
928,dauntless_shield,boosts_the_pokémon's_defense_stat_when_the_pokémon_enters_a_battle.
929,dauntless_shield,boosts_the_pokémon's_defense_stat_when_the_pokémon_enters_a_battle.
930,pressure,by_putting_pressure_on_the_opposing_pokémon_it_raises_their_pp_usage.
931,pressure,by_putting_pressure_on_the_opposing_pokémon_it_raises_their_pp_usage.
932,cheek_pouch,restores_hp_as_well_when_the_pokémon_eats_a_berry.
933,cheek_pouch,restores_hp_as_well_when_the_pokémon_eats_a_berry.
934,wandering_spirit,the_pokémon_exchanges_abilities_with_a_pokémon_that_hits_it_with_a_move_that_makes_direct_contact.
935,wandering_spirit,the_pokémon_exchanges_abilities_with_a_pokémon_that_hits_it_with_a_move_that_makes_direct_contact.
936,pickup,the_pokémon_may_pick_up_the_item_an_opposing_pokémon_used_during_a_battle._it_may_pick_up_items_outside_of_battle_too.
937,pickup,the_pokémon_may_pick_up_the_item_an_opposing_pokémon_used_during_a_battle._it_may_pick_up_items_outside_of_battle_too.
938,reckless,powers_up_moves_that_have_recoil_damage.
939,keen_eye,keen_eyes_prevent_other_pokémon_from_lowering_this_pokémon's_accuracy.
940,keen_eye,keen_eyes_prevent_other_pokémon_from_lowering_this_pokémon's_accuracy.
941,pressure,by_putting_pressure_on_the_opposing_pokémon_it_raises_their_pp_usage.
942,clear_body,prevents_other_pokémon's_moves_or_abilities_from_lowering_the_pokémon's_stats.
943,clear_body,prevents_other_pokémon's_moves_or_abilities_from_lowering_the_pokémon's_stats.
944,clear_body,prevents_other_pokémon's_moves_or_abilities_from_lowering_the_pokémon's_stats.
945,sheer_force,removes_additional_effects_to_increase_the_power_of_moves_when_attacking.
946,sheer_force,removes_additional_effects_to_increase_the_power_of_moves_when_attacking.
947,inner_focus,the_pokémon's_intensely_focused_and_that_protects_the_pokémon_from_flinching.
948,own_tempo,this_pokémon_has_its_own_tempo_and_that_prevents_it_from_becoming_confused.
949,ice_face,the_pokémon's_ice_head_can_take_a_physical_attack_as_a_substitute_but_the_attack_also_changes_the_pokémon's_appearance._the_ice_will_be_restored_when_it_hails.
950,ice_face,the_pokémon's_ice_head_can_take_a_physical_attack_as_a_substitute_but_the_attack_also_changes_the_pokémon's_appearance._the_ice_will_be_restored_when_it_hails.
951,shield_dust,this_pokémon's_dust_blocks_the_additional_effects_of_attacks_taken.
952,shield_dust,this_pokémon's_dust_blocks_the_additional_effects_of_attacks_taken.
953,sweet_veil,prevents_itself_and_ally_pokémon_from_falling_asleep.
954,sweet_veil,prevents_itself_and_ally_pokémon_from_falling_asleep.
955,swarm,powers_up_bug-type_moves_when_the_pokémon's_hp_is_low.
956,swarm,powers_up_bug-type_moves_when_the_pokémon's_hp_is_low.
957,swarm,powers_up_bug-type_moves_when_the_pokémon's_hp_is_low.
958,run_away,enables_a_sure_getaway_from_wild_pokémon.
959,run_away,enables_a_sure_getaway_from_wild_pokémon.
960,cotton_down,when_the_pokémon_is_hit_by_an_attack_it_scatters_cotton_fluff_around_and_lowers_the_speed_stat_of_all_pokémon_except_itself.
961,cotton_down,when_the_pokémon_is_hit_by_an_attack_it_scatters_cotton_fluff_around_and_lowers_the_speed_stat_of_all_pokémon_except_itself.
962,fluffy,halves_the_damage_taken_from_moves_that_make_direct_contact_but_doubles_that_of_fire-type_moves.
963,fluffy,halves_the_damage_taken_from_moves_that_make_direct_contact_but_doubles_that_of_fire-type_moves.
964,strong_jaw,the_pokémon's_strong_jaw_boosts_the_power_of_its_biting_moves.
965,strong_jaw,the_pokémon's_strong_jaw_boosts_the_power_of_its_biting_moves.
966,ball_fetch,if_the_pokémon_is_not_holding_an_item_it_will_fetch_the_poke_ball_from_the_first_failed_throw_of_the_battle.
967,strong_jaw,the_pokémon's_strong_jaw_boosts_the_power_of_its_biting_moves.
968,steam_engine,boosts_the_pokémon's_speed_stat_drastically_if_hit_by_a_fire-_or_water-type_move.
969,steam_engine,boosts_the_pokémon's_speed_stat_drastically_if_hit_by_a_fire-_or_water-type_move.
970,steam_engine,boosts_the_pokémon's_speed_stat_drastically_if_hit_by_a_fire-_or_water-type_move.
971,ripen,ripens_berries_and_doubles_their_effect.
972,ripen,ripens_berries_and_doubles_their_effect.
973,ripen,ripens_berries_and_doubles_their_effect.
974,sand_spit,the_pokémon_creates_a_sandstorm_when_it's_hit_by_an_attack.
975,sand_spit,the_pokémon_creates_a_sandstorm_when_it's_hit_by_an_attack.
976,gulp_missile,when_the_pokémon_uses_surf_or_dive_it_will_come_back_with_prey._when_it_takes_damage_it_will_spit_out_the_prey_to_attack.
977,swift_swim,boosts_the_pokémon's_speed_stat_in_rain.
978,swift_swim,boosts_the_pokémon's_speed_stat_in_rain.
979,flash_fire,powers_up_the_pokémon's_fire-type_moves_if_it's_hit_by_one.
980,flash_fire,powers_up_the_pokémon's_fire-type_moves_if_it's_hit_by_one.
981,limber,its_limber_body_protects_the_pokémon_from_paralysis.
982,limber,its_limber_body_protects_the_pokémon_from_paralysis.
983,weak_armor,physical_attacks_to_the_pokémon_lower_its_defense_stat_but_sharply_raise_its_speed_stat.
984,weak_armor,physical_attacks_to_the_pokémon_lower_its_defense_stat_but_sharply_raise_its_speed_stat.
985,healer,sometimes_heals_an_ally's_status_condition.
986,healer,sometimes_heals_an_ally's_status_condition.
987,healer,sometimes_heals_an_ally's_status_condition.
988,prankster,gives_priority_to_a_status_move.
989,prankster,gives_priority_to_a_status_move.
990,prankster,gives_priority_to_a_status_move.
991,compound_eyes,the_pokémon's_compound_eyes_boost_its_accuracy.
992,blaze,powers_up_fire-type_moves_when_the_pokémon's_hp_is_low._
993,static,the_pokémon_is_charged_with_static_electricity_so_contact_with_it_may_cause_paralysis.
994,pickup,the_pokémon_may_pick_up_the_item_an_opposing_pokémon_used_during_a_battle._it_may_pick_up_items_outside_of_battle_too.
995,torrent,powers_up_water-type_moves_when_the_pokémon's_hp_is_low._
996,overgrow,powers_up_grass-type_moves_when_the_pokémon's_hp_is_low.
997,torrent,powers_up_water-type_moves_when_the_pokémon's_hp_is_low._
998,blaze,powers_up_fire-type_moves_when_the_pokémon's_hp_is_low._
999,overgrow,powers_up_grass-type_moves_when_the_pokémon's_hp_is_low.
1000,light_metal,halves_the_pokémon's_weight.
1001,sheer_force,removes_additional_effects_to_increase_the_power_of_moves_when_attacking.
1002,sweet_veil,prevents_itself_and_ally_pokémon_from_falling_asleep.
1003,prankster,gives_priority_to_a_status_move.
1004,healer,sometimes_heals_an_ally's_status_condition.
1005,flash_fire,powers_up_the_pokémon's_fire-type_moves_if_it's_hit_by_one.
1006,punk_rock,boosts_the_power_of_sound-based_moves._the_pokémon_also_takes_half_the_damage_from_these_kinds_of_moves.
1007,punk_rock,boosts_the_power_of_sound-based_moves._the_pokémon_also_takes_half_the_damage_from_these_kinds_of_moves.
1008,sand_spit,the_pokémon_creates_a_sandstorm_when_it's_hit_by_an_attack.
1009,ripen,ripens_berries_and_doubles_their_effect.
1010,ripen,ripens_berries_and_doubles_their_effect.
1011,steam_engine,boosts_the_pokémon's_speed_stat_drastically_if_hit_by_a_fire-_or_water-type_move.
1012,strong_jaw,the_pokémon's_strong_jaw_boosts_the_power_of_its_biting_moves.
1013,swarm,powers_up_bug-type_moves_when_the_pokémon's_hp_is_low.
1014,pressure,by_putting_pressure_on_the_opposing_pokémon_it_raises_their_pp_usage.
1015,immunity,the_immune_system_of_the_pokémon_prevents_it_from_getting_poisoned.
1016,run_away,enables_a_sure_getaway_from_wild_pokémon.
1017,water_absorb,restores_hp_if_hit_by_a_water-type_move_instead_of_taking_damage.
1018,hyper_cutter,the_pokémon's_proud_of_its_powerful_pincers._they_prevent_other_pokémon_from_lowering_its_attack_stat.
1019,cursed_body,may_disable_a_move_used_on_the_pokémon.
1020,guts,it's_so_gutsy_that_having_a_status_condition_boosts_the_pokémon's_attack_stat.
1021,stench,by_releasing_stench_when_attacking_this_pokémon_may_cause_the_target_to_flinch.
1022,iron_fist,powers_up_punching_moves.
1023,mimicry,changes_the_pokémon's_type_depending_on_the_terrain.
1024,zen_mode,changes_the_pokémon's_shape_when_hp_is_half_or_less.
1025,gorilla_tactics,boosts_the_pokémon's_attack_stat_but_only_allows_the_use_of_the_first_selected_move.
1026,zen_mode,changes_the_pokémon's_shape_when_hp_is_half_or_less.
1027,hustle,boosts_the_attack_stat_but_lowers_accuracy.
1028,magic_bounce,reflects_status_moves_instead_of_getting_hit_by_them.
1029,huge_power,doubles_the_pokémon's_attack_stat.
1030,refrigerate,normal-type_moves_become_ice-type_moves._the_power_of_those_moves_is_boosted_a_little.
1031,adaptability,powers_up_moves_of_the_same_type_as_the_pokémon.
1032,snow_warning,the_pokémon_summons_a_hailstorm_when_it_enters_a_battle.
1033,healer,sometimes_heals_an_ally's_status_condition.
1034,shields_down,when_its_hp_becomes_half_or_less_the_pokémon's_shell_breaks_and_it_becomes_aggressive.
1035,forecast,the_pokémon_transforms_with_the_weather_to_change_its_type_to_water_fire_or_ice.
1036,forecast,the_pokémon_transforms_with_the_weather_to_change_its_type_to_water_fire_or_ice.
1037,forecast,the_pokémon_transforms_with_the_weather_to_change_its_type_to_water_fire_or_ice.
1038,anticipation,the_pokémon_can_sense_an_opposing_pokémon's_dangerous_moves.
1039,anticipation,the_pokémon_can_sense_an_opposing_pokémon's_dangerous_moves.
1040,serene_grace,boosts_the_likelihood_of_additional_effects_occurring_when_attacking.
1041,pickup,the_pokémon_may_pick_up_the_item_an_opposing_pokémon_used_during_a_battle._it_may_pick_up_items_outside_of_battle_too.
1042,pickup,the_pokémon_may_pick_up_the_item_an_opposing_pokémon_used_during_a_battle._it_may_pick_up_items_outside_of_battle_too.
1043,pickup,the_pokémon_may_pick_up_the_item_an_opposing_pokémon_used_during_a_battle._it_may_pick_up_items_outside_of_battle_too.
1044,pickup,the_pokémon_may_pick_up_the_item_an_opposing_pokémon_used_during_a_battle._it_may_pick_up_items_outside_of_battle_too.
1045,pickup,the_pokémon_may_pick_up_the_item_an_opposing_pokémon_used_during_a_battle._it_may_pick_up_items_outside_of_battle_too.
1046,pickup,the_pokémon_may_pick_up_the_item_an_opposing_pokémon_used_during_a_battle._it_may_pick_up_items_outside_of_battle_too.
1047,aura_break,the_effects_of_aura_abilities_are_reversed_to_lower_the_power_of_affected_moves.
1048,power_construct,other_cells_gather_to_aid_when_its_hp_becomes_half_or_less._then_the_pokémon_changes_its_form_to_complete_forme.
1049,magician,the_pokémon_steals_the_held_item_of_a_pokémon_it_hits_with_a_move.
1050,keen_eye,keen_eyes_prevent_other_pokémon_from_lowering_this_pokémon's_accuracy.
1051,schooling,when_it_has_a_lot_of_hp_the_pokémon_forms_a_powerful_school._it_stops_schooling_when_its_hp_is_low.__doesn't_work_until_level_20.
1052,dancer,when_another_pokémon_uses_a_dance_move_it_can_use_a_dance_move_following_it_regardless_of_its_speed.
1053,dancer,when_another_pokémon_uses_a_dance_move_it_can_use_a_dance_move_following_it_regardless_of_its_speed.
1054,dancer,when_another_pokémon_uses_a_dance_move_it_can_use_a_dance_move_following_it_regardless_of_its_speed.
1055,tough_claws,powers_up_moves_that_make_direct_contact._
1056,aerilate,normal-type_moves_become_flying-type_moves._the_power_of_those_moves_is_boosted_a_little.
1057,strong_jaw,the_pokémon's_strong_jaw_boosts_the_power_of_its_biting_moves.
1058,sheer_force,removes_additional_effects_to_increase_the_power_of_moves_when_attacking.
1059,pixilate,normal-type_moves_become_fairy-type_moves._the_power_of_those_moves_is_boosted_a_little.
1060,pure_power,using_its_pure_power_the_pokémon_doubles_its_attack_stat.
1061,magic_bounce,reflects_status_moves_instead_of_getting_hit_by_them.
1062,prankster,gives_priority_to_a_status_move.
1063,scrappy,the_pokémon_can_hit_ghost-type_pokémon_with_normal-_and_fighting-type_moves.
1064,magic_bounce,reflects_status_moves_instead_of_getting_hit_by_them.
1065,static,the_pokémon_is_charged_with_static_electricity_so_contact_with_it_may_cause_paralysis.
1066,run_away,enables_a_sure_getaway_from_wild_pokémon.
1067,leaf_guard,prevents_status_conditions_in_harsh_sunlight.
1068,transistor,powers_up_electric-type_moves.
1069,dragon's_maw,powers_up_dragon-type_moves.
1070,unseen_fist,the_pokémon_can_deal_damage_with_moves_that_make_physical_contact_even_if_the_target_is_protected.
1071,unseen_fist,the_pokémon_can_deal_damage_with_moves_that_make_physical_contact_even_if_the_target_is_protected.
1072,chilling_neigh,when_the_pokémon_knocks_out_a_target_it_utters_a_chilling_neigh_which_boosts_its_attack_stat.
1073,grim_neigh,when_the_pokémon_knocks_out_a_target_it_utters_a_terrifying_neigh_which_boosts_its_special_attack_stat.
1074,as_one,this_ability_combines_the_effects_of_both_calyrex’s_unnerve_ability_and_glastrier’s/spectrier’s_chilling_neigh/grim_neigh_ability.
1075,as_one,this_ability_combines_the_effects_of_both_calyrex’s_unnerve_ability_and_glastrier’s/spectrier’s_chilling_neigh/grim_neigh_ability.
